,Id,ActivityDate,TotalSteps,TotalDistance,VeryActiveDistance,ModeratelyActiveDistance,LightActiveDistance,VeryActiveMinutes,FairlyActiveMinutes,LightlyActiveMinutes,HeartRate,Calories
0,1503960366,3/25/2016,11004,7.110000134,2.569999933,0.46000000799999996,4.070000172,33,12,205,82,1819
1,1503960366,3/26/2016,17609,11.55000019,6.920000076,0.7300000190000001,3.910000086,89,17,274,94,2154
2,1503960366,3/27/2016,12736,8.529999733,4.659999847,0.159999996,3.710000038,56,5,268,94,1944
3,1503960366,3/28/2016,13231,8.930000305,3.1900000569999998,0.7900000209999999,4.9499998089999995,39,20,224,86,1932
4,1503960366,3/29/2016,12041,7.849999905,2.160000086,1.090000033,4.610000134,28,28,243,75,1886
5,1503960366,3/30/2016,10970,7.159999847000001,2.359999895,0.50999999,4.289999962,30,13,223,71,1820
6,1503960366,3/31/2016,12256,7.860000134,2.289999962,0.49000001,5.039999962,33,12,239,82,1889
7,1503960366,04-01-2016,12262,7.8699998860000004,3.319999933,0.829999983,3.640000105,47,21,200,88,1868
8,1503960366,04-02-2016,11248,7.25,3.0,0.44999998799999996,3.74000001,40,11,244,70,1843
9,1503960366,04-03-2016,10016,6.3699998860000004,0.910000026,1.2799999709999998,4.179999828,15,30,314,92,1850
10,1503960366,04-04-2016,14557,9.800000191,3.390000105,0.699999988,5.690000057000001,43,18,285,70,2030
11,1503960366,04-05-2016,14844,9.729999542,2.9400000569999998,0.75999999,6.0399999620000004,36,18,341,99,2083
12,1503960366,04-06-2016,11974,7.670000076,2.039999962,0.47999998899999996,5.150000095,27,12,228,99,1861
13,1503960366,04-07-2016,10198,6.440000057000001,1.200000048,0.7900000209999999,4.4499998089999995,17,20,195,82,1755
14,1503960366,04-08-2016,12521,7.940000057000001,3.3099999430000002,0.8999999759999999,3.74000001,46,22,212,80,1895
15,1503960366,04-09-2016,12432,8.100000381000001,2.589999914,0.589999974,4.920000076,32,15,248,94,1883
16,1503960366,04-10-2016,10057,6.980000018999999,4.0,0.49000001,2.480000019,44,13,168,78,1755
17,1503960366,04-11-2016,10990,7.260000229,2.039999962,0.5699999929999999,4.650000095,26,14,216,78,1811
18,1503960366,04-12-2016,224,0.14000000099999999,0.0,0.0,0.129999995,0,0,9,78,50
19,1624580081,3/25/2016,1810,1.179999948,0.0,0.0,1.129999995,0,0,121,86,1373
20,1624580081,3/26/2016,815,0.5299999710000001,0.0,0.0,0.5299999710000001,0,0,47,92,1264
21,1624580081,3/27/2016,1985,1.289999962,0.0,0.0,1.2799999709999998,0,0,112,72,1350
22,1624580081,3/28/2016,1905,1.24000001,0.0,0.0,1.24000001,0,0,95,91,1342
23,1624580081,3/29/2016,1552,1.00999999,0.0,0.0,1.0,0,0,66,92,1300
24,1624580081,3/30/2016,1675,1.090000033,0.0,0.0,1.090000033,0,0,84,83,1313
25,1624580081,3/31/2016,4506,2.930000067,0.50999999,0.27000001100000004,2.150000095,7,4,144,80,1498
26,1624580081,04-01-2016,9218,5.989999771,0.0,0.0,5.96999979,0,0,221,89,1541
27,1624580081,04-02-2016,1556,1.00999999,0.0,0.0,1.00999999,0,0,88,73,1327
28,1624580081,04-03-2016,2910,1.8899999859999999,0.0,0.0,1.879999995,0,0,157,71,1452
29,1624580081,04-04-2016,18464,12.0,0.0,0.0,12.0,0,0,270,86,1574
30,1624580081,04-05-2016,1335,0.870000005,0.0,0.0,0.870000005,0,0,74,89,1308
31,1624580081,04-06-2016,1004,0.649999976,0.0,0.0,0.649999976,0,0,55,78,1276
32,1624580081,04-07-2016,1111,0.720000029,0.0,0.0,0.720000029,0,0,54,71,1278
33,1624580081,04-08-2016,6344,4.1199998860000004,0.0,0.0,4.099999905,0,0,143,89,1409
34,1624580081,04-09-2016,3572,2.319999933,0.0,0.0,2.289999962,0,0,122,90,1370
35,1624580081,04-10-2016,3910,2.539999962,0.469999999,0.25,1.8099999430000002,7,7,186,80,1555
36,1624580081,04-11-2016,10000,6.5,0.0,0.0,6.5,0,0,172,84,1469
37,1624580081,04-12-2016,6627,4.309999943,0.0,0.0,4.309999943,0,0,89,76,706
38,1644430081,04-01-2016,4636,3.410000086,0.0,0.779999971,2.599999905,0,16,586,75,3323
39,1644430081,04-02-2016,20237,14.71000004,2.569999933,6.400000095,5.730000018999999,34,141,347,82,4029
40,1644430081,04-03-2016,12912,9.409999847,4.829999924,0.7699999809999999,3.789999962,59,16,283,87,3436
41,1644430081,04-04-2016,2819,2.049999952,0.310000002,0.17000000199999998,1.5599999430000002,4,4,87,96,2444
42,1644430081,04-05-2016,9921,7.2100000379999996,0.34000000399999997,1.519999981,5.360000134,5,35,219,79,3098
43,1644430081,04-06-2016,8046,5.849999905,1.289999962,2.119999886,2.450000048,18,41,137,81,2925
44,1644430081,04-07-2016,11166,8.119999886,0.209999993,2.410000086,5.5,3,58,230,70,3202
45,1644430081,04-08-2016,7842,5.6999998089999995,0.47999998899999996,2.410000086,2.8099999430000002,7,43,161,95,2928
46,1644430081,04-09-2016,13840,10.06000042,1.309999943,3.720000029,5.03000021,18,81,192,73,3290
47,1644430081,04-10-2016,1329,0.970000029,0.0,0.0,0.970000029,0,0,35,81,489
48,1844505072,04-01-2016,6847,4.53000021,0.610000014,0.370000005,3.549999952,9,9,251,77,1969
49,1844505072,04-02-2016,5367,3.549999952,0.0,0.0,3.549999952,0,0,263,93,1889
50,1844505072,04-03-2016,2841,1.879999995,0.0,0.0,1.879999995,0,0,136,97,1636
51,1844505072,04-04-2016,0,0.0,0.0,0.0,0.0,0,0,0,73,1347
52,1844505072,04-05-2016,0,0.0,0.0,0.0,0.0,0,0,0,76,1347
53,1844505072,04-06-2016,7,0.0,0.0,0.0,0.0,0,0,1,78,1349
54,1844505072,04-07-2016,6344,4.190000057,0.0,0.0,4.190000057,0,0,290,95,1965
55,1844505072,04-08-2016,5316,3.50999999,0.0,0.0,3.50999999,0,0,221,86,1824
56,1844505072,04-09-2016,4979,3.289999962,0.0,0.0,3.289999962,0,0,184,81,1807
57,1844505072,04-10-2016,6556,4.340000153,0.0,0.0,4.329999924,0,0,305,70,1971
58,1844505072,04-11-2016,5430,3.589999914,0.0,0.0,3.589999914,0,0,251,81,1888
59,1844505072,04-12-2016,0,0.0,0.0,0.0,0.0,0,0,0,97,399
60,1927972279,04-01-2016,4317,2.99000001,0.0,0.370000005,2.619999886,0,11,192,94,2590
61,1927972279,04-02-2016,5662,3.9200000760000004,0.0,0.0,3.9200000760000004,0,0,267,89,2783
62,1927972279,04-03-2016,3198,2.210000038,0.0,0.0,2.210000038,0,0,146,76,2449
63,1927972279,04-04-2016,2352,1.629999995,0.0,0.0,1.629999995,0,0,128,77,2380
64,1927972279,04-05-2016,2234,1.5499999519999998,0.0,0.0,1.5499999519999998,0,0,108,95,2344
65,1927972279,04-06-2016,1259,0.870000005,0.0,0.0,0.870000005,0,0,73,84,2202
66,1927972279,04-07-2016,768,0.5299999710000001,0.0,0.0,0.5299999710000001,0,0,43,86,2130
67,1927972279,04-08-2016,519,0.360000014,0.0,0.0,0.360000014,0,0,34,70,2088
68,1927972279,04-09-2016,2523,1.75,0.0,0.370000005,1.379999995,0,9,134,90,2443
69,1927972279,04-10-2016,2105,1.4600000380000002,0.0,0.0,1.4600000380000002,0,0,139,77,2442
70,1927972279,04-11-2016,1209,0.839999974,0.0,0.0,0.839999974,0,0,73,74,2255
71,1927972279,04-12-2016,24,0.02,0.0,0.0,0.02,0,0,3,92,942
72,2022484408,04-01-2016,13603,9.600000381000001,5.4600000379999996,0.629999995,3.50999999,72,16,213,87,2645
73,2022484408,04-02-2016,5477,3.839999914,0.0,0.0,3.839999914,0,0,237,80,2040
74,2022484408,04-03-2016,11144,7.820000172,1.7899999619999998,0.889999986,5.139999866,25,22,279,92,2395
75,2022484408,04-04-2016,15313,11.0,5.019999981000001,1.289999962,4.690000057,62,19,233,72,2581
76,2022484408,04-05-2016,10805,7.590000152999999,0.720000029,0.9800000190000001,5.889999866,36,37,298,76,2735
77,2022484408,04-06-2016,15392,10.93000031,3.430000067,1.75,5.75,47,42,258,95,2733
78,2022484408,04-07-2016,18247,13.82999992,7.110000134,2.210000038,4.510000229,72,62,252,76,3021
79,2022484408,04-08-2016,13023,9.260000229,3.2300000189999998,0.560000002,5.46999979,40,12,296,93,2577
80,2022484408,04-09-2016,16267,12.59000015,5.75,0.469999999,6.3699998860000004,44,16,302,97,2811
81,2022484408,04-10-2016,10005,7.019999981000001,0.079999998,1.049999952,5.900000095,1,23,339,76,2458
82,2022484408,04-11-2016,10106,7.090000152999999,1.210000038,0.560000002,5.329999924,41,16,272,89,2568
83,2022484408,04-12-2016,6717,4.71999979,3.2300000189999998,0.21999999899999997,1.269999981,41,5,67,77,1140
84,2026352035,04-01-2016,2605,1.620000005,0.0,0.0,1.620000005,0,0,166,74,1407
85,2026352035,04-02-2016,1229,0.75999999,0.0,0.0,0.75999999,0,0,69,83,1237
86,2026352035,04-03-2016,2308,1.429999948,0.0,0.0,1.429999948,0,0,115,77,1330
87,2026352035,04-04-2016,6679,4.139999866,0.0,0.0,4.139999866,0,0,263,71,1583
88,2026352035,04-05-2016,5645,3.5,0.0,0.0,3.5,0,0,248,77,1538
89,2026352035,04-06-2016,3180,1.9700000290000002,0.0,0.0,1.9700000290000002,0,0,185,91,1421
90,2026352035,04-07-2016,2767,1.7200000290000002,0.0,0.0,1.7200000290000002,0,0,170,71,1392
91,2026352035,04-08-2016,3762,2.329999924,0.0,0.0,2.329999924,0,0,173,78,1425
92,2026352035,04-09-2016,3098,1.919999957,0.0,0.0,1.919999957,0,0,185,73,1413
93,2026352035,04-10-2016,5142,3.1900000569999998,0.0,0.0,3.1900000569999998,0,0,230,89,1515
94,2026352035,04-11-2016,3279,2.029999971,0.0,0.0,2.029999971,0,0,164,72,1405
95,2026352035,04-12-2016,1019,0.629999995,0.0,0.0,0.629999995,0,0,64,94,600
96,2320127002,04-01-2016,0,0.0,0.0,0.0,0.0,0,0,0,83,1324
97,2320127002,04-02-2016,0,0.0,0.0,0.0,0.0,0,0,0,82,1324
98,2320127002,04-03-2016,0,0.0,0.0,0.0,0.0,0,0,0,80,1324
99,2320127002,04-04-2016,0,0.0,0.0,0.0,0.0,0,0,0,78,1324
100,2320127002,04-05-2016,4931,3.319999933,0.0,0.0,3.319999933,0,0,175,71,1708
101,2320127002,04-06-2016,6999,4.71999979,0.0,0.0,4.71999979,0,0,320,75,1950
102,2320127002,04-07-2016,1846,1.24000001,0.0,0.0,1.24000001,0,0,93,89,1508
103,2320127002,04-08-2016,3417,2.299999952,0.0,0.0,2.299999952,0,0,153,86,1625
104,2320127002,04-09-2016,4863,3.279999971,0.059999999000000005,0.419999987,2.799999952,1,11,208,74,1772
105,2320127002,04-10-2016,2277,1.5299999709999998,0.0,0.0,1.5299999709999998,0,0,103,78,1530
106,2320127002,04-11-2016,11230,7.670000076,0.889999986,0.119999997,6.659999847000001,10,2,390,93,2206
107,2320127002,04-12-2016,2098,1.4099999669999999,0.0,0.0,1.4099999669999999,0,0,69,78,790
108,2347167796,3/29/2016,10272,6.7899999620000004,0.159999996,3.1199998860000004,3.5,2,58,208,85,2041
109,2347167796,3/30/2016,10533,7.099999905,1.769999981,2.0599999430000002,3.2699999810000002,21,35,255,83,2187
110,2347167796,3/31/2016,6760,4.46999979,0.0,0.0,4.46999979,0,0,250,98,1929
111,2347167796,04-01-2016,8328,5.510000229,0.0,2.0,3.5,0,33,212,82,1935
112,2347167796,04-02-2016,15459,10.22000027,3.589999914,0.810000002,5.820000172,51,16,327,97,2438
113,2347167796,04-03-2016,7485,4.9499998089999995,0.0,0.0,4.9499998089999995,0,0,324,76,2035
114,2347167796,04-04-2016,10254,6.8000001910000005,1.419999957,1.230000019,4.159999847,21,25,231,76,2099
115,2347167796,04-05-2016,10114,6.820000172,1.6399999859999999,0.47999998899999996,4.679999828,18,9,269,87,2096
116,2347167796,04-06-2016,11107,7.340000152999999,0.8999999759999999,2.75999999,3.680000067,14,46,196,80,2058
117,2347167796,04-07-2016,10320,6.849999905,0.6800000070000001,1.230000019,4.940000057,15,32,315,87,2338
118,2347167796,04-08-2016,10209,6.75,0.159999996,0.349999994,6.230000018999999,2,6,316,96,2104
119,2347167796,04-09-2016,16081,10.63000011,1.25,1.820000052,7.559999942999999,16,32,401,96,2488
120,2347167796,04-10-2016,10078,6.829999924,1.019999981,0.119999997,5.690000057000001,12,3,303,95,2164
121,2347167796,04-11-2016,10001,6.610000134,0.330000013,2.930000067,3.359999895,5,52,196,78,2009
122,2347167796,04-12-2016,0,0.0,0.0,0.0,0.0,0,0,0,78,399
123,2873212765,04-01-2016,890,0.600000024,0.0,0.0,0.600000024,0,0,41,94,1335
124,2873212765,04-02-2016,2214,1.49000001,0.0,0.0,1.49000001,0,0,197,84,1559
125,2873212765,04-03-2016,7640,5.1300001139999996,0.189999998,0.800000012,4.150000095,3,15,315,79,1845
126,2873212765,04-04-2016,9713,6.53000021,0.34000000399999997,0.889999986,5.289999962,6,24,355,85,2046
127,2873212765,04-05-2016,8432,5.670000076,0.0,0.0,5.650000095,0,0,374,71,1953
128,2873212765,04-06-2016,7350,4.940000057,0.0,0.0,4.940000057,0,0,382,77,1910
129,2873212765,04-07-2016,9353,6.309999942999999,0.370000005,0.689999998,5.239999771,5,17,363,77,2035
130,2873212765,04-08-2016,7157,4.809999943,0.0,0.0,4.809999943,0,0,380,92,1944
131,2873212765,04-09-2016,14103,9.56000042,3.0199999810000002,0.40999999600000003,6.139999866,46,8,288,91,2257
132,2873212765,04-10-2016,5290,3.549999952,0.039999999,0.34000000399999997,3.1700000760000004,1,8,251,76,1724
133,2873212765,04-11-2016,7497,5.039999962,0.0,0.0,5.039999962,0,0,357,73,1741
134,2873212765,04-12-2016,0,0.0,0.0,0.0,0.0,0,0,0,73,0
135,2891001357,3/29/2016,0,0.0,0.0,0.0,0.0,0,0,0,88,1920
136,2891001357,3/30/2016,0,0.0,0.0,0.0,0.0,0,0,0,90,1920
137,2891001357,3/31/2016,0,0.0,0.0,0.0,0.0,0,0,0,72,1920
138,2891001357,04-01-2016,0,0.0,0.0,0.0,0.0,0,660,0,84,4562
139,2891001357,04-02-2016,4126,3.220000029,0.0,0.0,3.220000029,0,0,720,89,2881
140,2891001357,04-03-2016,0,0.0,0.0,0.0,0.0,0,0,0,99,1920
141,2891001357,04-04-2016,0,0.0,0.0,0.0,0.0,0,0,0,83,1920
142,2891001357,04-05-2016,2063,1.6100000140000001,0.0,0.0,1.6100000140000001,0,0,630,74,1144
143,3372868164,04-01-2016,5785,3.950000048,0.0,0.0,3.910000086,0,0,311,77,1852
144,3372868164,04-02-2016,7625,5.230000018999999,1.679999948,0.039999999,3.5,24,1,341,71,2069
145,3372868164,04-03-2016,4706,3.210000038,0.0,0.0,3.210000038,0,0,299,77,1816
146,3372868164,04-04-2016,5861,4.019999981000001,1.299999952,0.21999999899999997,2.49000001,20,7,233,96,1878
147,3372868164,04-05-2016,4460,3.039999962,0.0,0.0,3.0199999810000002,0,0,248,88,1787
148,3372868164,04-06-2016,6406,4.389999866,0.779999971,0.09000000400000001,3.5199999810000002,17,4,325,95,2010
149,3372868164,04-07-2016,7392,5.099999905,0.870000005,0.159999996,4.0500001910000005,14,9,332,90,2038
150,3372868164,04-08-2016,5551,3.789999962,0.0,0.0,3.7699999810000002,0,0,282,79,1815
151,3372868164,04-09-2016,8827,6.25,1.769999981,0.47999998899999996,4.0,21,10,346,78,2062
152,3372868164,04-10-2016,4662,3.180000067,1.039999962,0.150000006,1.99000001,22,4,152,80,1276
153,3977333714,04-01-2016,4499,3.00999999,0.0,0.0,3.00999999,0,0,168,87,1288
154,3977333714,04-02-2016,7618,5.099999905,0.0,0.180000007,4.909999847,0,6,302,73,1490
155,3977333714,04-03-2016,11508,7.6999998089999995,2.170000076,0.839999974,4.690000057,29,22,282,81,1630
156,3977333714,04-04-2016,11943,7.989999771,1.0299999709999998,2.00999999,4.9499998089999995,16,43,297,70,1648
157,3977333714,04-05-2016,12303,8.229999542,1.7100000380000002,1.350000024,5.170000076,26,32,291,70,1649
158,3977333714,04-06-2016,15425,10.31999969,1.620000005,1.820000052,6.8699998860000004,24,45,331,77,1783
159,3977333714,04-07-2016,8422,5.6300001139999996,0.0,3.599999905,2.039999962,0,81,139,74,1431
160,3977333714,04-08-2016,10226,6.840000152999999,0.0,4.440000057,2.400000095,0,101,174,81,1524
161,3977333714,04-09-2016,14583,9.760000229,2.480000019,1.74000001,5.53000021,35,36,254,91,1697
162,3977333714,04-10-2016,3573,2.390000105,0.939999998,0.40999999600000003,0.970000029,15,8,99,98,1232
163,3977333714,04-11-2016,3108,2.140000105,0.07,0.039999999,1.9600000380000002,1,1,129,99,1223
164,3977333714,04-12-2016,759,0.5699999929999999,0.0,0.0,0.5699999929999999,0,0,17,87,182
165,4020332650,03-12-2016,5543,3.970000029,0.0,0.0,3.960000038,0,0,254,70,2990
166,4020332650,3/13/2016,3226,2.3099999430000002,0.0,0.0,2.279999971,0,0,136,83,2480
167,4020332650,3/14/2016,3023,2.170000076,0.0,0.0,2.140000105,0,0,145,77,2570
168,4020332650,3/15/2016,5906,4.230000018999999,0.0,0.159999996,4.039999962,0,10,215,90,3016
169,4020332650,3/16/2016,12483,8.989999771,1.4500000480000002,0.5699999929999999,6.900000095,25,14,309,92,3830
170,4020332650,3/17/2016,8940,6.409999847000001,0.0,0.0,0.610000014,0,0,47,99,3706
171,4020332650,3/18/2016,368,0.25999999,0.0,0.0,0.0,0,0,0,74,2024
172,4020332650,3/19/2016,5702,4.090000153,0.0,0.0,0.0,0,0,0,93,2980
173,4020332650,3/20/2016,10330,7.409999847000001,0.0,0.0,0.0,0,0,0,91,3728
174,4020332650,3/21/2016,8778,6.2899999620000004,0.0,0.0,0.0,0,0,0,86,3348
175,4020332650,3/22/2016,6662,4.78000021,0.0,0.0,0.0,0,0,0,87,3162
176,4020332650,3/23/2016,6309,4.519999981000001,0.0,0.0,0.0,0,0,0,87,3140
177,4020332650,3/24/2016,1951,1.4099999669999999,0.0,0.0,0.0,0,0,0,73,1980
178,4020332650,3/25/2016,5563,3.99000001,0.0,0.0,0.0,0,0,0,74,3681
179,4020332650,3/26/2016,4370,3.1300001139999996,0.0,0.0,0.0,0,0,0,80,3444
180,4020332650,3/27/2016,7144,5.1199998860000004,0.0,0.0,0.0,0,0,0,83,3510
181,4020332650,3/28/2016,2106,1.50999999,0.02,0.050000000999999995,0.209999993,31,45,75,96,4010
182,4020332650,3/29/2016,4152,2.9800000189999998,0.0,0.0,2.960000038,0,0,187,73,2976
183,4020332650,3/30/2016,5400,3.8699998860000004,0.0,0.0,3.849999905,0,0,258,99,3418
184,4020332650,3/31/2016,7428,5.329999924,0.870000005,0.920000017,3.50999999,18,33,261,80,3439
185,4020332650,04-01-2016,5351,3.839999914,0.620000005,0.180000007,3.00999999,15,17,210,94,3338
186,4020332650,04-02-2016,4299,3.099999905,0.09000000400000001,0.209999993,2.74000001,3,15,162,91,2892
187,4020332650,04-03-2016,6107,4.3800001139999996,0.0,0.0,4.360000134,0,0,265,90,3313
188,4020332650,04-04-2016,6429,4.599999905,0.0,0.949999988,3.650000095,0,28,193,89,3118
189,4020332650,04-05-2016,6880,4.929999828,0.5,0.75999999,3.650000095,7,19,165,83,2966
190,4020332650,04-06-2016,7476,5.360000134,0.0,0.0,5.309999943,0,0,263,82,3253
191,4020332650,04-07-2016,6581,4.71999979,0.0,0.289999992,4.389999866,0,8,241,74,3032
192,4020332650,04-08-2016,10480,7.510000229,0.40999999600000003,1.4700000290000002,5.010000229,6,37,272,76,4034
193,4020332650,04-09-2016,7734,5.5500001910000005,1.159999967,0.49000001,3.819999933,20,12,223,75,3264
194,4020332650,04-10-2016,5129,3.680000067,0.180000007,0.239999995,3.210000038,5,7,176,84,2817
195,4020332650,04-11-2016,2993,2.150000095,0.0,0.0,2.089999914,0,0,114,87,2507
196,4020332650,04-12-2016,8,0.01,0.0,0.0,0.01,0,0,1,91,446
197,4057192912,03-12-2016,0,0.0,0.0,0.0,0.0,0,0,0,75,1777
198,4057192912,3/13/2016,0,0.0,0.0,0.0,0.0,0,0,0,71,1777
199,4057192912,3/14/2016,8433,6.230000018999999,2.450000048,0.330000013,3.4400000569999998,30,7,135,77,2453
200,4057192912,3/15/2016,0,0.0,0.0,0.0,0.0,0,0,0,74,1776
201,4057192912,3/16/2016,2139,1.5599999430000002,0.0,1.299999952,0.25999999,0,28,15,87,1935
202,4057192912,3/17/2016,0,0.0,0.0,0.0,0.0,0,0,0,70,1776
203,4057192912,3/18/2016,949,0.689999998,0.0,0.0,0.689999998,0,0,34,84,1870
204,4057192912,3/19/2016,0,0.0,0.0,0.0,0.0,0,0,0,76,1777
205,4057192912,3/20/2016,44,0.029999999,0.0,0.0,0.029999999,0,0,2,73,1782
206,4057192912,3/21/2016,2660,1.9400000569999998,0.0,0.0,1.9400000569999998,0,0,46,76,1978
207,4057192912,3/22/2016,5561,4.190000057,0.0,0.0,4.070000172,0,0,169,72,2296
208,4057192912,3/23/2016,7239,5.340000153,0.550000012,0.360000014,4.3800001139999996,7,7,190,85,2484
209,4057192912,3/24/2016,7,0.01,0.0,0.0,0.01,0,0,1,93,1787
210,4057192912,3/25/2016,0,0.0,0.0,0.0,0.0,0,0,0,96,1776
211,4057192912,3/26/2016,0,0.0,0.0,0.0,0.0,0,0,0,86,1776
212,4057192912,3/27/2016,2275,1.679999948,0.0,0.0,1.6599999669999999,0,0,86,75,2005
213,4057192912,3/28/2016,8,0.01,0.0,0.0,0.01,0,0,1,99,1778
214,4057192912,3/29/2016,5137,3.75999999,0.0,0.0,3.75999999,0,0,160,99,2293
215,4057192912,3/30/2016,5419,4.0,0.0,0.0,3.910000086,0,0,145,80,2259
216,4057192912,3/31/2016,0,0.0,0.0,0.0,0.0,0,0,0,78,1776
217,4057192912,04-01-2016,0,0.0,0.0,0.0,0.0,0,0,0,91,1776
218,4057192912,04-02-2016,0,0.0,0.0,0.0,0.0,0,0,0,83,1776
219,4057192912,04-03-2016,0,0.0,0.0,0.0,0.0,0,0,0,85,1776
220,4057192912,04-04-2016,0,0.0,0.0,0.0,0.0,0,0,0,76,1776
221,4057192912,04-05-2016,0,0.0,0.0,0.0,0.0,0,0,0,99,1776
222,4057192912,04-06-2016,18,0.01,0.0,0.0,0.01,0,0,2,93,1780
223,4057192912,04-07-2016,4,0.0,0.0,0.0,0.0,0,0,1,76,1778
224,4057192912,04-08-2016,8426,6.159999847000001,0.129999995,5.489999771,0.540000021,2,120,25,75,2360
225,4057192912,04-09-2016,1650,1.210000038,0.0,0.0,1.210000038,0,0,60,95,1952
226,4057192912,04-10-2016,3434,2.50999999,0.07,0.300000012,2.140000105,1,7,108,77,2101
227,4057192912,04-11-2016,6801,4.980000018999999,0.0,0.0,4.96999979,0,0,193,77,2393
228,4057192912,04-12-2016,187,0.14000000099999999,0.0,0.0,0.14000000099999999,0,0,11,80,538
229,4319703577,3/29/2016,5643,3.789999962,0.23000000399999998,0.330000013,3.2300000189999998,3,8,199,75,1958
230,4319703577,3/30/2016,9043,6.070000172,0.25,0.430000007,5.3699998860000004,4,12,244,93,2141
231,4319703577,3/31/2016,8144,5.4600000379999996,0.25,0.610000014,4.610000134,4,17,247,99,2129
232,4319703577,04-01-2016,9343,6.269999981000001,0.9599999790000001,0.8500000240000001,4.460000038,14,20,268,79,2216
233,4319703577,04-02-2016,8405,5.659999847000001,1.129999995,0.189999998,4.340000153,15,4,257,97,2154
234,4319703577,04-03-2016,8223,5.519999981000001,0.800000012,1.50999999,3.210000038,12,37,257,73,2178
235,4319703577,04-04-2016,10067,6.760000229,0.360000014,1.419999957,4.96999979,5,39,313,84,2308
236,4319703577,04-05-2016,8359,5.6300001139999996,0.23000000399999998,0.5299999710000001,4.8699998860000004,3,14,311,78,2201
237,4319703577,04-06-2016,10946,7.349999905,0.540000021,2.089999914,4.71999979,8,51,308,73,2341
238,4319703577,04-07-2016,9130,6.150000095,0.5,0.379999995,5.269999981000001,7,11,304,95,2236
239,4319703577,04-08-2016,6544,4.409999847,0.289999992,0.25999999,3.859999895,4,6,276,94,2069
240,4319703577,04-09-2016,0,0.0,0.0,0.0,0.0,0,0,0,73,0
241,4388161847,3/29/2016,0,0.0,0.0,0.0,0.0,0,0,0,99,1878
242,4388161847,3/30/2016,0,0.0,0.0,0.0,0.0,0,0,0,89,1878
243,4388161847,3/31/2016,0,0.0,0.0,0.0,0.0,0,0,0,79,1878
244,4388161847,04-01-2016,0,0.0,0.0,0.0,0.0,0,0,0,72,1878
245,4388161847,04-02-2016,0,0.0,0.0,0.0,0.0,0,0,0,86,1878
246,4388161847,04-03-2016,0,0.0,0.0,0.0,0.0,0,0,0,95,1878
247,4388161847,04-04-2016,0,0.0,0.0,0.0,0.0,0,0,0,94,1878
248,4388161847,04-05-2016,0,0.0,0.0,0.0,0.0,0,0,0,73,1296
249,4445114986,3/29/2016,2303,1.5499999519999998,0.0,0.0,1.5499999519999998,0,0,155,75,2010
250,4445114986,3/30/2016,2600,1.74000001,0.0,0.0,1.74000001,0,0,163,84,2032
251,4445114986,3/31/2016,4804,3.220000029,0.0,0.0,3.220000029,0,0,238,94,2227
252,4445114986,04-01-2016,3271,2.1900000569999998,0.0,0.0,2.1900000569999998,0,0,205,87,2133
253,4445114986,04-02-2016,5406,3.6300001139999996,0.0,0.0,3.609999895,0,0,273,84,2317
254,4445114986,04-03-2016,3146,2.109999895,0.0,0.0,2.109999895,0,0,171,94,2058
255,4445114986,04-04-2016,2422,1.629999995,0.0,0.0,1.629999995,0,0,110,88,1935
256,4445114986,04-05-2016,4239,2.839999914,0.059999999000000005,0.239999995,2.529999971,1,6,235,92,2217
257,4445114986,04-06-2016,6911,4.78000021,2.319999933,0.10000000099999999,2.359999895,28,2,215,80,2374
258,4445114986,04-07-2016,6667,4.610000134,2.019999981,0.050000000999999995,2.549999952,24,1,208,89,2335
259,4445114986,04-08-2016,5543,3.720000029,0.0,0.0,3.720000029,0,0,266,78,2303
260,4445114986,04-09-2016,4195,2.8099999430000002,0.0,0.0,2.8099999430000002,0,0,239,81,2210
261,4445114986,04-10-2016,6625,4.4499998089999995,0.0,0.0,4.4499998089999995,0,0,316,77,2424
262,4445114986,04-11-2016,5986,4.1300001139999996,1.9500000480000002,0.23000000399999998,1.9500000480000002,23,5,195,91,2297
263,4445114986,04-12-2016,278,0.189999998,0.0,0.0,0.189999998,0,0,20,99,745
264,4558609924,04-01-2016,5336,3.529999971,0.0,0.0,3.529999971,0,0,258,96,1902
265,4558609924,04-02-2016,3183,2.099999905,0.0,0.0,2.099999905,0,0,173,95,1680
266,4558609924,04-03-2016,6176,4.079999924,0.07,0.25999999,3.75,1,7,269,71,1901
267,4558609924,04-04-2016,8205,5.420000076,0.0,0.0,5.420000076,0,0,367,84,2078
268,4558609924,04-05-2016,6799,4.489999771,1.5900000330000001,0.860000014,2.039999962,24,14,185,88,1876
269,4558609924,04-06-2016,5668,3.75,0.0,0.0,3.75,0,0,259,73,1853
270,4558609924,04-07-2016,7998,5.289999962,0.50999999,0.25,4.53000021,27,12,296,84,2235
271,4558609924,04-08-2016,4195,2.7699999810000002,0.0,0.0,2.7699999810000002,0,0,241,87,1778
272,4558609924,04-09-2016,5512,3.640000105,0.0,0.0,3.640000105,0,0,276,99,1882
273,4558609924,04-10-2016,6263,4.139999866,0.0,0.0,4.1300001139999996,0,0,290,87,1906
274,4558609924,04-11-2016,8828,5.840000152999999,0.0,0.0,5.840000152999999,0,0,308,75,2149
275,4558609924,04-12-2016,1260,0.829999983,0.0,0.0,0.8199999929999999,0,0,76,71,722
276,4702921684,3/29/2016,6506,5.28000021,0.330000013,0.27000001100000004,4.670000076,4,5,241,94,2886
277,4702921684,3/30/2016,7583,6.150000095,0.25,0.550000012,5.349999905,3,13,227,99,2915
278,4702921684,3/31/2016,6963,5.650000095,0.0,0.0,5.650000095,0,0,256,87,2895
279,4702921684,04-01-2016,7165,5.809999942999999,0.0,0.370000005,5.440000057000001,0,9,248,92,2923
280,4702921684,04-02-2016,10328,8.380000114,0.0,1.4600000380000002,6.920000076,0,32,367,98,3323
281,4702921684,04-03-2016,12116,9.829999924,0.25,2.849999905,6.71999979,3,57,323,81,3357
282,4702921684,04-04-2016,7810,6.360000134,0.47999998899999996,1.200000048,4.679999828,6,27,216,85,2931
283,4702921684,04-05-2016,6670,5.409999847000001,1.24000001,0.800000012,3.3699998860000004,15,16,199,89,2848
284,4702921684,04-06-2016,7605,6.179999828,0.330000013,0.209999993,5.6300001139999996,4,4,248,70,2943
285,4702921684,04-07-2016,6585,5.340000153,0.0,0.0,5.340000153,0,0,210,80,2822
286,4702921684,04-08-2016,8184,6.639999866,0.0,0.620000005,5.9499998089999995,0,15,247,71,2981
287,4702921684,04-09-2016,14002,11.35999966,0.610000014,2.680000067,8.06000042,8,56,381,79,3597
288,4702921684,04-10-2016,11135,9.029999733,0.079999998,1.159999967,7.7899999620000004,1,25,331,95,3224
289,4702921684,04-11-2016,6499,5.269999981000001,0.0,0.0,5.269999981000001,0,0,207,90,2677
290,4702921684,04-12-2016,0,0.0,0.0,0.0,0.0,0,0,0,77,0
291,5553957443,04-01-2016,12409,8.100000381000001,2.900000095,0.629999995,4.579999924,51,12,235,99,2142
292,5553957443,04-02-2016,2937,1.919999957,0.0,0.0,1.9099999669999999,0,0,181,77,1615
293,5553957443,04-03-2016,1515,0.99000001,0.0,0.0,0.99000001,0,0,93,76,1481
294,5553957443,04-04-2016,8921,5.8800001139999996,2.069999933,0.43999999799999995,3.359999895,27,8,198,87,1892
295,5553957443,04-05-2016,11306,7.3800001139999996,2.3099999430000002,0.9800000190000001,4.090000153,40,26,218,83,2086
296,5553957443,04-06-2016,12252,8.0,2.410000086,1.7000000480000002,3.890000105,33,28,229,99,2044
297,5553957443,04-07-2016,15444,10.07999992,3.2699999810000002,1.730000019,5.079999924,51,39,243,80,2249
298,5553957443,04-08-2016,9938,6.489999771,2.140000105,1.2799999709999998,3.0799999239999996,38,24,193,91,2019
299,5553957443,04-09-2016,4599,3.0,0.0,0.0,3.0,0,0,176,97,1692
300,5553957443,04-10-2016,5594,3.650000095,0.280000001,1.480000019,1.8899999859999999,4,25,150,77,1712
301,5553957443,04-11-2016,11906,7.769999981000001,2.25999999,1.519999981,3.99000001,32,27,234,93,2065
302,5553957443,04-12-2016,3436,2.24000001,0.5,0.670000017,1.049999952,7,11,50,90,633
303,5577150313,04-01-2016,10461,7.8699998860000004,4.760000229,0.8500000240000001,2.25,99,31,142,84,3625
304,5577150313,04-02-2016,14873,11.10999966,8.18999958,0.600000024,2.3099999430000002,202,36,153,92,4430
305,5577150313,04-03-2016,9917,7.409999847000001,1.99000001,0.970000029,4.440000057,58,27,240,75,3427
306,5577150313,04-04-2016,7401,5.559999942999999,2.319999933,0.360000014,2.8800001139999996,70,19,204,79,3492
307,5577150313,04-05-2016,8964,6.6999998089999995,3.970000029,0.189999998,2.529999971,107,18,145,87,3597
308,5577150313,04-06-2016,11080,8.300000191,3.1300001139999996,1.370000005,3.8099999430000002,83,52,190,82,3765
309,5577150313,04-07-2016,4499,3.359999895,0.889999986,0.25999999,2.210000038,31,11,146,72,2775
310,5577150313,04-08-2016,4363,3.25999999,0.129999995,0.059999999000000005,3.0799999239999996,8,2,156,94,2486
311,5577150313,04-09-2016,10494,7.840000152999999,4.909999847,0.779999971,2.150000095,123,62,138,82,3817
312,5577150313,04-10-2016,9776,7.3800001139999996,2.930000067,1.429999948,3.0199999810000002,80,35,162,84,3378
313,5577150313,04-11-2016,2862,2.140000105,1.039999962,0.25,0.839999974,39,17,54,86,1511
314,6117666160,04-01-2016,7444,5.6199998860000004,0.0,0.0,5.6199998860000004,0,0,286,71,2210
315,6117666160,04-02-2016,19658,14.84000015,0.239999995,2.089999914,12.51000023,3,30,475,85,2884
316,6117666160,04-03-2016,0,0.0,0.0,0.0,0.0,0,0,0,87,1496
317,6117666160,04-04-2016,8468,6.389999866,0.180000007,0.639999986,5.570000172,2,11,279,77,2262
318,6117666160,04-05-2016,9910,7.480000018999999,0.0,0.0,7.480000018999999,0,0,384,96,2445
319,6117666160,04-06-2016,12409,9.369999886,0.0,0.0,9.369999886,0,0,491,82,2694
320,6117666160,04-07-2016,4853,3.660000086,0.0,0.0,3.660000086,0,0,156,84,1903
321,6117666160,04-08-2016,8955,6.760000229,0.0,0.0,6.730000018999999,0,0,422,75,2482
322,6117666160,04-09-2016,10789,8.149999618999999,0.0,0.0,8.149999618999999,0,0,506,75,2617
323,6117666160,04-10-2016,0,0.0,0.0,0.0,0.0,0,0,0,87,0
324,6290855005,04-01-2016,6633,5.010000229,0.0,0.0,5.010000229,0,0,280,88,2778
325,6290855005,04-02-2016,9548,7.21999979,2.019999981,3.680000067,1.519999981,25,107,113,70,3119
326,6290855005,04-03-2016,0,0.0,0.0,0.0,0.0,33,0,0,98,2664
327,6290855005,04-04-2016,0,0.0,0.0,0.0,0.0,0,0,0,80,2060
328,6290855005,04-05-2016,0,0.0,0.0,0.0,0.0,0,0,0,73,2060
329,6290855005,04-06-2016,0,0.0,0.0,0.0,0.0,0,0,0,93,2060
330,6290855005,04-07-2016,0,0.0,0.0,0.0,0.0,0,0,0,84,2060
331,6290855005,04-08-2016,0,0.0,0.0,0.0,0.0,0,0,0,91,2060
332,6290855005,04-09-2016,0,0.0,0.0,0.0,0.0,0,0,0,86,2060
333,6290855005,04-10-2016,0,0.0,0.0,0.0,0.0,20,0,0,91,735
334,6391747486,04-01-2016,0,0.0,0.0,0.0,0.0,0,0,0,82,1820
335,6391747486,04-02-2016,2101,2.029999971,2.029999971,0.0,0.0,46,0,0,84,2224
336,6391747486,04-03-2016,0,0.0,0.0,0.0,0.0,0,0,0,73,1820
337,6391747486,04-04-2016,0,0.0,0.0,0.0,0.0,0,0,0,92,1820
338,6391747486,04-05-2016,9766,7.510000229,0.0,0.050000000999999995,7.4600000379999996,0,6,301,71,2442
339,6391747486,04-06-2016,165,0.129999995,0.0,0.0,0.129999995,0,0,8,87,1849
340,6391747486,04-07-2016,0,0.0,0.0,0.0,0.0,0,0,0,71,1822
341,6391747486,04-08-2016,0,0.0,0.0,0.0,0.0,0,0,0,74,1820
342,6391747486,04-09-2016,0,0.0,0.0,0.0,0.0,0,0,0,75,251
343,6775888955,04-01-2016,7225,5.179999828,1.730000019,1.269999981,2.180000067,25,50,163,95,3065
344,6775888955,04-02-2016,1988,1.429999948,0.0,0.0,1.429999948,0,0,79,79,2207
345,6775888955,04-03-2016,1577,1.129999995,0.07,0.889999986,0.17000000199999998,1,17,8,73,1977
346,6775888955,04-04-2016,0,0.0,0.0,0.0,0.0,0,0,0,94,1841
347,6775888955,04-05-2016,9348,6.6999998089999995,1.129999995,2.039999962,3.140000105,56,133,240,98,4286
348,6775888955,04-06-2016,11761,8.430000305,1.309999943,2.4400000569999998,4.679999828,24,99,300,95,3920
349,6775888955,04-07-2016,13987,10.02999973,2.8699998860000004,3.339999914,3.819999933,46,114,250,70,3856
350,6775888955,04-08-2016,4131,2.960000038,1.370000005,0.610000014,0.9800000190000001,27,30,75,83,2584
351,6775888955,04-09-2016,14,0.01,0.0,0.0,0.01,0,0,1,78,787
352,6962181067,3/30/2016,15491,10.23999977,1.289999962,4.489999771,4.460000038,18,77,272,98,2244
353,6962181067,3/31/2016,14097,9.319999695,3.5,1.919999957,3.900000095,50,32,234,95,2188
354,6962181067,04-01-2016,10467,6.980000018999999,0.699999988,2.430000067,3.849999905,9,45,252,80,2014
355,6962181067,04-02-2016,12437,8.300000191,3.75999999,1.289999962,3.24000001,50,24,219,87,2115
356,6962181067,04-03-2016,12307,8.140000342999999,1.00999999,3.25999999,3.8699998860000004,14,51,218,95,2055
357,6962181067,04-04-2016,18952,12.80000019,5.909999847000001,1.230000019,5.659999847000001,73,20,327,76,2437
358,6962181067,04-05-2016,12010,7.940000057000001,2.380000114,0.949999988,4.610000134,38,17,287,85,2158
359,6962181067,04-06-2016,12480,8.859999657000001,4.179999828,0.689999998,4.0,55,14,276,94,2170
360,6962181067,04-07-2016,13417,9.649999618999999,3.390000105,1.25,4.909999847,45,16,284,92,2244
361,6962181067,04-08-2016,14400,10.88000011,2.470000029,2.8800001139999996,5.53000021,27,37,276,73,2188
362,6962181067,04-09-2016,12495,8.260000229,2.210000038,1.090000033,4.960000038,33,19,324,81,2231
363,6962181067,04-10-2016,10148,6.7100000379999996,1.3600000140000001,0.21999999899999997,5.1300001139999996,19,7,306,80,2100
364,6962181067,04-11-2016,12362,9.090000153,1.090000033,2.7300000189999998,5.269999981000001,21,38,297,88,2188
365,6962181067,04-12-2016,5893,3.900000095,2.8800001139999996,0.560000002,0.46000000799999996,43,9,48,83,917
366,7007744171,04-01-2016,11680,9.06000042,4.489999771,0.330000013,4.239999771,50,7,244,81,2573
367,7007744171,04-02-2016,10976,7.340000152999999,0.550000012,0.670000017,6.1300001139999996,9,16,271,92,2575
368,7007744171,04-03-2016,16806,11.23999977,6.409999847000001,1.370000005,3.470000029,104,31,230,96,3086
369,7007744171,04-04-2016,15266,11.39999962,5.8000001910000005,0.75999999,4.789999962,70,21,292,99,2886
370,7007744171,04-05-2016,12084,9.140000342999999,4.389999866,0.46000000799999996,4.289999962,50,6,284,91,2676
371,7007744171,04-06-2016,13513,10.25,5.349999905,0.330000013,4.559999943,64,8,270,80,2811
372,7007744171,04-07-2016,14100,10.57999992,5.099999905,1.190000057,4.28000021,61,33,265,81,2840
373,7007744171,04-08-2016,12627,9.649999618999999,4.6999998089999995,0.74000001,4.210000038,54,22,301,80,2871
374,7007744171,04-09-2016,10345,6.920000076,0.07,0.27000001100000004,6.579999924,2,6,358,92,2613
375,7007744171,04-10-2016,10146,6.7899999620000004,0.07,0.610000014,6.110000134,1,12,397,78,2700
376,7007744171,04-11-2016,12168,8.140000342999999,1.049999952,0.7900000209999999,6.2899999620000004,18,27,375,72,2871
377,7007744171,04-12-2016,7413,5.769999981000001,4.5,0.34000000399999997,0.939999998,53,6,43,82,1023
378,7086361926,04-01-2016,11463,7.670000076,2.8299999239999996,1.8899999859999999,2.930000067,38,30,154,97,2496
379,7086361926,04-02-2016,87,0.02,0.0,0.0,0.01,0,0,2,78,1641
380,7086361926,04-03-2016,1949,1.309999943,0.23000000399999998,0.349999994,0.7300000190000001,3,6,27,84,1794
381,7086361926,04-04-2016,6101,3.8699998860000004,0.5299999710000001,0.23000000399999998,3.099999905,31,24,138,76,2421
382,7086361926,04-05-2016,7478,4.989999771,1.7999999519999998,0.5299999710000001,2.609999895,25,33,132,89,2439
383,7086361926,04-06-2016,7352,4.730000018999999,1.4099999669999999,0.779999971,2.529999971,19,14,124,86,2233
384,7086361926,04-07-2016,14604,10.81999969,7.230000018999999,1.120000005,2.430000067,76,30,127,81,2862
385,7086361926,04-08-2016,9634,6.519999981000001,2.5,1.399999976,2.589999914,50,48,140,88,2752
386,7086361926,04-09-2016,7338,4.670000076,1.080000043,0.129999995,3.460000038,27,5,204,86,2519
387,7086361926,04-10-2016,569,0.349999994,0.0,0.0,0.34000000399999997,0,0,27,99,1799
388,7086361926,04-11-2016,6242,3.9200000760000004,0.74000001,0.23000000399999998,2.930000067,46,22,126,85,2543
389,7086361926,04-12-2016,430,0.25999999,0.0,0.0,0.25999999,0,0,14,98,625
390,8053475328,04-02-2016,20188,15.61999989,12.06000042,0.8500000240000001,2.710000038,124,19,172,90,3377
391,8053475328,04-03-2016,25701,20.13999939,16.81999969,1.629999995,1.6900000569999998,165,36,97,83,3697
392,8053475328,04-04-2016,17395,13.21000004,9.670000076,0.180000007,3.349999905,100,4,213,80,3209
393,8053475328,04-05-2016,17167,13.40999985,9.960000037999999,0.310000002,3.140000105,98,8,184,74,3167
394,8053475328,04-06-2016,16435,12.42000008,8.960000037999999,0.550000012,2.910000086,100,14,191,73,3122
395,8053475328,04-07-2016,17078,13.19999981,9.970000267,0.239999995,2.99000001,101,6,190,76,3176
396,8053475328,04-08-2016,11693,9.539999962000001,6.769999981000001,0.25999999,2.5,60,6,153,72,2790
397,8053475328,04-09-2016,11159,9.140000342999999,6.690000057000001,0.25,2.1900000569999998,59,6,120,81,2715
398,8053475328,04-10-2016,10118,7.730000018999999,3.049999952,0.800000012,3.8800001139999996,30,18,207,81,2684
399,8053475328,04-11-2016,16064,12.72000027,9.979999542,0.360000014,2.380000114,96,8,155,79,3097
400,8053475328,04-12-2016,290,0.209999993,0.0,0.0,0.209999993,0,0,16,76,791
401,8253242879,04-01-2016,0,0.0,0.0,0.0,0.0,0,0,0,75,1429
402,8253242879,04-02-2016,0,0.0,0.0,0.0,0.0,0,0,0,93,1429
403,8253242879,04-03-2016,0,0.0,0.0,0.0,0.0,0,0,0,83,1429
404,8253242879,04-04-2016,0,0.0,0.0,0.0,0.0,0,0,0,76,1429
405,8253242879,04-05-2016,0,0.0,0.0,0.0,0.0,0,0,0,82,1429
406,8253242879,04-06-2016,1931,1.2799999709999998,0.0,0.0,1.2799999709999998,0,0,94,80,1607
407,8253242879,04-07-2016,5181,3.4200000760000004,1.0,0.910000026,1.50999999,15,15,107,81,1776
408,8253242879,04-08-2016,12026,9.149999618999999,5.6999998089999995,0.9300000070000001,2.50999999,47,13,150,97,2162
409,8253242879,04-09-2016,5360,3.539999962,0.540000021,1.5499999519999998,1.4600000380000002,8,28,148,83,1832
410,8253242879,04-10-2016,2545,1.679999948,0.0,0.0,1.669999957,0,0,126,94,1657
411,8253242879,04-11-2016,1636,1.080000043,0.0,0.0,1.080000043,0,0,86,80,1377
412,8253242879,04-12-2016,0,0.0,0.0,0.0,0.0,0,0,0,89,0
413,8378563200,04-01-2016,14179,11.23999977,6.230000018999999,1.059999943,3.960000038,73,21,195,74,3669
414,8378563200,04-02-2016,3358,2.660000086,0.0,0.0,2.660000086,0,0,144,78,2702
415,8378563200,04-03-2016,9152,7.260000229,1.99000001,0.8199999929999999,4.4499998089999995,25,13,243,98,3304
416,8378563200,04-04-2016,13935,11.05000019,4.090000153,0.7900000209999999,6.170000076,105,16,220,91,4234
417,8378563200,04-05-2016,12846,10.18999958,5.0,0.75,4.440000057,113,15,189,91,4128
418,8378563200,04-06-2016,9124,7.239999771,0.0,0.25,6.989999771,55,6,230,82,3798
419,8378563200,04-07-2016,9725,7.7100000379999996,2.410000086,0.5299999710000001,4.769999981000001,83,11,181,95,3839
420,8378563200,04-08-2016,8350,6.6199998860000004,1.49000001,0.5299999710000001,4.610000134,72,10,167,92,3713
421,8378563200,04-09-2016,2240,1.7799999709999998,0.0,0.0,1.7799999709999998,0,0,110,88,2606
422,8378563200,04-10-2016,2631,2.089999914,0.0,0.0,2.089999914,0,0,117,72,2624
423,8378563200,04-11-2016,8837,7.010000229,1.5399999619999998,0.879999995,4.590000153,74,17,182,88,3775
424,8378563200,04-12-2016,3246,2.569999933,0.829999983,0.7099999790000001,1.0299999709999998,65,15,49,98,1882
425,8583815059,04-01-2016,2174,1.7000000480000002,0.0,0.0,1.7000000480000002,0,0,112,96,2360
426,8583815059,04-02-2016,3494,2.7300000189999998,0.0,0.0,2.6900000569999998,0,0,166,92,2517
427,8583815059,04-03-2016,2380,1.8600000140000001,0.0,0.0,1.8600000140000001,0,0,131,87,2400
428,8583815059,04-04-2016,3159,2.460000038,0.0,0.0,2.460000038,0,0,147,91,2462
429,8583815059,04-05-2016,6835,5.329999924,0.370000005,0.7300000190000001,4.239999771,5,15,212,72,2786
430,8583815059,04-06-2016,2098,1.6399999859999999,0.0,0.0,1.629999995,0,0,112,79,2354
431,8583815059,04-07-2016,2816,2.200000048,0.0,0.0,2.200000048,0,0,138,97,2437
432,8583815059,04-08-2016,1408,1.100000024,0.0,0.0,1.100000024,0,0,79,76,1814
433,8792009665,04-01-2016,4592,2.9400000569999998,0.10000000099999999,0.14000000099999999,2.700000048,4,8,176,95,2260
434,8792009665,04-02-2016,8452,5.409999847000001,0.25999999,0.389999986,4.760000229,9,24,328,92,3004
435,8792009665,04-03-2016,7238,4.6300001139999996,0.109999999,0.23000000399999998,4.289999962,2,6,279,77,2667
436,8792009665,04-04-2016,3821,2.450000048,0.0,0.21999999899999997,2.230000019,0,9,161,78,2229
437,8792009665,04-05-2016,2332,1.49000001,0.01,0.180000007,1.299999952,1,10,111,92,2100
438,8792009665,04-06-2016,2121,1.3600000140000001,0.0,0.0,1.3600000140000001,0,0,122,91,2114
439,8792009665,04-07-2016,1291,0.829999983,0.0,0.0,0.829999983,0,0,77,86,1961
440,8792009665,04-08-2016,1467,0.939999998,0.10000000099999999,0.209999993,0.629999995,2,8,71,79,1953
441,8792009665,04-09-2016,1022,0.649999976,0.0,0.0,0.649999976,0,0,63,79,1890
442,8792009665,04-10-2016,4605,2.950000048,0.0,0.0,2.950000048,0,0,179,88,2253
443,8792009665,04-11-2016,178,0.109999999,0.0,0.0,0.109999999,0,0,12,85,1725
444,8792009665,04-12-2016,20,0.01,0.0,0.0,0.01,0,0,6,87,728
445,8877689391,04-01-2016,18700,15.81999969,8.699999809,0.159999996,6.909999847000001,67,3,247,92,3527
446,8877689391,04-02-2016,27572,23.38999939,14.72000027,1.210000038,7.340000152999999,116,24,260,97,4220
447,8877689391,04-03-2016,15260,8.18999958,1.7999999519999998,0.75,5.570000172,106,17,259,87,3864
448,8877689391,04-04-2016,20779,18.40999985,11.72999954,0.649999976,6.0,78,16,208,94,3662
449,8877689391,04-05-2016,10695,8.119999886,0.7699999809999999,0.180000007,7.090000152999999,10,3,246,74,2834
450,8877689391,04-06-2016,24136,20.90999985,12.22000027,0.540000021,8.079999924,87,16,318,84,4039
451,8877689391,04-07-2016,10910,8.420000076,2.960000038,0.389999986,5.03000021,32,11,212,78,2947
452,8877689391,04-08-2016,23014,20.38999939,11.10000038,0.629999995,8.619999886,70,29,359,73,4196
453,8877689391,04-09-2016,16470,8.069999695,0.0,0.02,8.020000458,90,9,289,93,3841
454,8877689391,04-10-2016,28497,27.53000069,21.92000008,1.120000005,4.460000038,128,46,211,98,4526
455,8877689391,04-11-2016,10622,8.06000042,1.4700000290000002,0.150000006,6.3699998860000004,18,7,225,70,2820
456,8877689391,04-12-2016,2350,1.7799999709999998,0.0,0.0,1.7799999709999998,0,0,58,79,938
457,1503960366,3/25/2016,11004,7.110000134,2.569999933,0.46000000799999996,4.070000172,33,12,205,89,1819
458,1503960366,3/26/2016,17609,11.55000019,6.920000076,0.7300000190000001,3.910000086,89,17,274,97,2154
459,1503960366,3/27/2016,12736,8.529999733,4.659999847,0.159999996,3.710000038,56,5,268,90,1944
460,1503960366,3/28/2016,13231,8.930000305,3.1900000569999998,0.7900000209999999,4.9499998089999995,39,20,224,97,1932
461,1503960366,3/29/2016,12041,7.849999905,2.160000086,1.090000033,4.610000134,28,28,243,87,1886
462,1503960366,3/30/2016,10970,7.159999847000001,2.359999895,0.50999999,4.289999962,30,13,223,93,1820
463,1503960366,3/31/2016,12256,7.860000134,2.289999962,0.49000001,5.039999962,33,12,239,81,1889
464,1503960366,04-01-2016,12262,7.8699998860000004,3.319999933,0.829999983,3.640000105,47,21,200,72,1868
465,1503960366,04-02-2016,11248,7.25,3.0,0.44999998799999996,3.74000001,40,11,244,72,1843
466,1503960366,04-03-2016,10016,6.3699998860000004,0.910000026,1.2799999709999998,4.179999828,15,30,314,77,1850
467,1503960366,04-04-2016,14557,9.800000191,3.390000105,0.699999988,5.690000057000001,43,18,285,71,2030
468,1503960366,04-05-2016,14844,9.729999542,2.9400000569999998,0.75999999,6.0399999620000004,36,18,341,81,2083
469,1503960366,04-06-2016,11974,7.670000076,2.039999962,0.47999998899999996,5.150000095,27,12,228,87,1861
470,1503960366,04-07-2016,10198,6.440000057000001,1.200000048,0.7900000209999999,4.4499998089999995,17,20,195,86,1755
471,1503960366,04-08-2016,12521,7.940000057000001,3.3099999430000002,0.8999999759999999,3.74000001,46,22,212,82,1895
472,1503960366,04-09-2016,12432,8.100000381000001,2.589999914,0.589999974,4.920000076,32,15,248,89,1883
473,1503960366,04-10-2016,10057,6.980000018999999,4.0,0.49000001,2.480000019,44,13,168,96,1755
474,1503960366,04-11-2016,10990,7.260000229,2.039999962,0.5699999929999999,4.650000095,26,14,216,95,1811
475,1503960366,04-12-2016,224,0.14000000099999999,0.0,0.0,0.129999995,0,0,9,81,50
476,1624580081,3/25/2016,1810,1.179999948,0.0,0.0,1.129999995,0,0,121,92,1373
477,1624580081,3/26/2016,815,0.5299999710000001,0.0,0.0,0.5299999710000001,0,0,47,86,1264
478,1624580081,3/27/2016,1985,1.289999962,0.0,0.0,1.2799999709999998,0,0,112,78,1350
479,1624580081,3/28/2016,1905,1.24000001,0.0,0.0,1.24000001,0,0,95,90,1342
480,1624580081,3/29/2016,1552,1.00999999,0.0,0.0,1.0,0,0,66,86,1300
481,1624580081,3/30/2016,1675,1.090000033,0.0,0.0,1.090000033,0,0,84,84,1313
482,1624580081,3/31/2016,4506,2.930000067,0.50999999,0.27000001100000004,2.150000095,7,4,144,97,1498
483,1624580081,04-01-2016,9218,5.989999771,0.0,0.0,5.96999979,0,0,221,88,1541
484,1624580081,04-02-2016,1556,1.00999999,0.0,0.0,1.00999999,0,0,88,84,1327
485,1624580081,04-03-2016,2910,1.8899999859999999,0.0,0.0,1.879999995,0,0,157,94,1452
486,1624580081,04-04-2016,18464,12.0,0.0,0.0,12.0,0,0,270,77,1574
487,1624580081,04-05-2016,1335,0.870000005,0.0,0.0,0.870000005,0,0,74,93,1308
488,1624580081,04-06-2016,1004,0.649999976,0.0,0.0,0.649999976,0,0,55,85,1276
489,1624580081,04-07-2016,1111,0.720000029,0.0,0.0,0.720000029,0,0,54,88,1278
490,1624580081,04-08-2016,6344,4.1199998860000004,0.0,0.0,4.099999905,0,0,143,72,1409
491,1624580081,04-09-2016,3572,2.319999933,0.0,0.0,2.289999962,0,0,122,79,1370
492,1624580081,04-10-2016,3910,2.539999962,0.469999999,0.25,1.8099999430000002,7,7,186,93,1555
493,1624580081,04-11-2016,10000,6.5,0.0,0.0,6.5,0,0,172,78,1469
494,1624580081,04-12-2016,6627,4.309999943,0.0,0.0,4.309999943,0,0,89,95,706
495,1644430081,04-01-2016,4636,3.410000086,0.0,0.779999971,2.599999905,0,16,586,71,3323
496,1644430081,04-02-2016,20237,14.71000004,2.569999933,6.400000095,5.730000018999999,34,141,347,93,4029
497,1644430081,04-03-2016,12912,9.409999847,4.829999924,0.7699999809999999,3.789999962,59,16,283,83,3436
498,1644430081,04-04-2016,2819,2.049999952,0.310000002,0.17000000199999998,1.5599999430000002,4,4,87,73,2444
499,1644430081,04-05-2016,9921,7.2100000379999996,0.34000000399999997,1.519999981,5.360000134,5,35,219,90,3098
500,1644430081,04-06-2016,8046,5.849999905,1.289999962,2.119999886,2.450000048,18,41,137,99,2925
501,1644430081,04-07-2016,11166,8.119999886,0.209999993,2.410000086,5.5,3,58,230,79,3202
502,1644430081,04-08-2016,7842,5.6999998089999995,0.47999998899999996,2.410000086,2.8099999430000002,7,43,161,91,2928
503,1644430081,04-09-2016,13840,10.06000042,1.309999943,3.720000029,5.03000021,18,81,192,84,3290
504,1644430081,04-10-2016,1329,0.970000029,0.0,0.0,0.970000029,0,0,35,78,489
505,1844505072,04-01-2016,6847,4.53000021,0.610000014,0.370000005,3.549999952,9,9,251,86,1969
506,1844505072,04-02-2016,5367,3.549999952,0.0,0.0,3.549999952,0,0,263,88,1889
507,1844505072,04-03-2016,2841,1.879999995,0.0,0.0,1.879999995,0,0,136,90,1636
508,1844505072,04-04-2016,0,0.0,0.0,0.0,0.0,0,0,0,84,1347
509,1844505072,04-05-2016,0,0.0,0.0,0.0,0.0,0,0,0,96,1347
510,1844505072,04-06-2016,7,0.0,0.0,0.0,0.0,0,0,1,87,1349
511,1844505072,04-07-2016,6344,4.190000057,0.0,0.0,4.190000057,0,0,290,79,1965
512,1844505072,04-08-2016,5316,3.50999999,0.0,0.0,3.50999999,0,0,221,86,1824
513,1844505072,04-09-2016,4979,3.289999962,0.0,0.0,3.289999962,0,0,184,74,1807
514,1844505072,04-10-2016,6556,4.340000153,0.0,0.0,4.329999924,0,0,305,76,1971
515,1844505072,04-11-2016,5430,3.589999914,0.0,0.0,3.589999914,0,0,251,77,1888
516,1844505072,04-12-2016,0,0.0,0.0,0.0,0.0,0,0,0,81,399
517,1927972279,04-01-2016,4317,2.99000001,0.0,0.370000005,2.619999886,0,11,192,75,2590
518,1927972279,04-02-2016,5662,3.9200000760000004,0.0,0.0,3.9200000760000004,0,0,267,73,2783
519,1927972279,04-03-2016,3198,2.210000038,0.0,0.0,2.210000038,0,0,146,94,2449
520,1927972279,04-04-2016,2352,1.629999995,0.0,0.0,1.629999995,0,0,128,99,2380
521,1927972279,04-05-2016,2234,1.5499999519999998,0.0,0.0,1.5499999519999998,0,0,108,87,2344
522,1927972279,04-06-2016,1259,0.870000005,0.0,0.0,0.870000005,0,0,73,71,2202
523,1927972279,04-07-2016,768,0.5299999710000001,0.0,0.0,0.5299999710000001,0,0,43,96,2130
524,1927972279,04-08-2016,519,0.360000014,0.0,0.0,0.360000014,0,0,34,78,2088
525,1927972279,04-09-2016,2523,1.75,0.0,0.370000005,1.379999995,0,9,134,80,2443
526,1927972279,04-10-2016,2105,1.4600000380000002,0.0,0.0,1.4600000380000002,0,0,139,83,2442
527,1927972279,04-11-2016,1209,0.839999974,0.0,0.0,0.839999974,0,0,73,75,2255
528,1927972279,04-12-2016,24,0.02,0.0,0.0,0.02,0,0,3,92,942
529,2022484408,04-01-2016,13603,9.600000381000001,5.4600000379999996,0.629999995,3.50999999,72,16,213,81,2645
530,2022484408,04-02-2016,5477,3.839999914,0.0,0.0,3.839999914,0,0,237,82,2040
531,2022484408,04-03-2016,11144,7.820000172,1.7899999619999998,0.889999986,5.139999866,25,22,279,77,2395
532,2022484408,04-04-2016,15313,11.0,5.019999981000001,1.289999962,4.690000057,62,19,233,88,2581
533,2022484408,04-05-2016,10805,7.590000152999999,0.720000029,0.9800000190000001,5.889999866,36,37,298,85,2735
534,2022484408,04-06-2016,15392,10.93000031,3.430000067,1.75,5.75,47,42,258,86,2733
535,2022484408,04-07-2016,18247,13.82999992,7.110000134,2.210000038,4.510000229,72,62,252,82,3021
536,2022484408,04-08-2016,13023,9.260000229,3.2300000189999998,0.560000002,5.46999979,40,12,296,78,2577
537,2022484408,04-09-2016,16267,12.59000015,5.75,0.469999999,6.3699998860000004,44,16,302,95,2811
538,2022484408,04-10-2016,10005,7.019999981000001,0.079999998,1.049999952,5.900000095,1,23,339,92,2458
539,2022484408,04-11-2016,10106,7.090000152999999,1.210000038,0.560000002,5.329999924,41,16,272,96,2568
540,2022484408,04-12-2016,6717,4.71999979,3.2300000189999998,0.21999999899999997,1.269999981,41,5,67,72,1140
541,2026352035,04-01-2016,2605,1.620000005,0.0,0.0,1.620000005,0,0,166,97,1407
542,2026352035,04-02-2016,1229,0.75999999,0.0,0.0,0.75999999,0,0,69,96,1237
543,2026352035,04-03-2016,2308,1.429999948,0.0,0.0,1.429999948,0,0,115,86,1330
544,2026352035,04-04-2016,6679,4.139999866,0.0,0.0,4.139999866,0,0,263,92,1583
545,2026352035,04-05-2016,5645,3.5,0.0,0.0,3.5,0,0,248,94,1538
546,2026352035,04-06-2016,3180,1.9700000290000002,0.0,0.0,1.9700000290000002,0,0,185,95,1421
547,2026352035,04-07-2016,2767,1.7200000290000002,0.0,0.0,1.7200000290000002,0,0,170,70,1392
548,2026352035,04-08-2016,3762,2.329999924,0.0,0.0,2.329999924,0,0,173,73,1425
549,2026352035,04-09-2016,3098,1.919999957,0.0,0.0,1.919999957,0,0,185,70,1413
550,2026352035,04-10-2016,5142,3.1900000569999998,0.0,0.0,3.1900000569999998,0,0,230,72,1515
551,2026352035,04-11-2016,3279,2.029999971,0.0,0.0,2.029999971,0,0,164,97,1405
552,2026352035,04-12-2016,1019,0.629999995,0.0,0.0,0.629999995,0,0,64,78,600
553,2320127002,04-01-2016,0,0.0,0.0,0.0,0.0,0,0,0,70,1324
554,2320127002,04-02-2016,0,0.0,0.0,0.0,0.0,0,0,0,75,1324
555,2320127002,04-03-2016,0,0.0,0.0,0.0,0.0,0,0,0,97,1324
556,2320127002,04-04-2016,0,0.0,0.0,0.0,0.0,0,0,0,90,1324
557,2320127002,04-05-2016,4931,3.319999933,0.0,0.0,3.319999933,0,0,175,99,1708
558,2320127002,04-06-2016,6999,4.71999979,0.0,0.0,4.71999979,0,0,320,89,1950
559,2320127002,04-07-2016,1846,1.24000001,0.0,0.0,1.24000001,0,0,93,87,1508
560,2320127002,04-08-2016,3417,2.299999952,0.0,0.0,2.299999952,0,0,153,96,1625
561,2320127002,04-09-2016,4863,3.279999971,0.059999999000000005,0.419999987,2.799999952,1,11,208,98,1772
562,2320127002,04-10-2016,2277,1.5299999709999998,0.0,0.0,1.5299999709999998,0,0,103,86,1530
563,2320127002,04-11-2016,11230,7.670000076,0.889999986,0.119999997,6.659999847000001,10,2,390,74,2206
564,2320127002,04-12-2016,2098,1.4099999669999999,0.0,0.0,1.4099999669999999,0,0,69,91,790
565,2347167796,3/29/2016,10272,6.7899999620000004,0.159999996,3.1199998860000004,3.5,2,58,208,74,2041
566,2347167796,3/30/2016,10533,7.099999905,1.769999981,2.0599999430000002,3.2699999810000002,21,35,255,79,2187
567,2347167796,3/31/2016,6760,4.46999979,0.0,0.0,4.46999979,0,0,250,74,1929
568,2347167796,04-01-2016,8328,5.510000229,0.0,2.0,3.5,0,33,212,87,1935
569,2347167796,04-02-2016,15459,10.22000027,3.589999914,0.810000002,5.820000172,51,16,327,95,2438
570,2347167796,04-03-2016,7485,4.9499998089999995,0.0,0.0,4.9499998089999995,0,0,324,83,2035
571,2347167796,04-04-2016,10254,6.8000001910000005,1.419999957,1.230000019,4.159999847,21,25,231,99,2099
572,2347167796,04-05-2016,10114,6.820000172,1.6399999859999999,0.47999998899999996,4.679999828,18,9,269,75,2096
573,2347167796,04-06-2016,11107,7.340000152999999,0.8999999759999999,2.75999999,3.680000067,14,46,196,91,2058
574,2347167796,04-07-2016,10320,6.849999905,0.6800000070000001,1.230000019,4.940000057,15,32,315,80,2338
575,2347167796,04-08-2016,10209,6.75,0.159999996,0.349999994,6.230000018999999,2,6,316,82,2104
576,2347167796,04-09-2016,16081,10.63000011,1.25,1.820000052,7.559999942999999,16,32,401,88,2488
577,2347167796,04-10-2016,10078,6.829999924,1.019999981,0.119999997,5.690000057000001,12,3,303,96,2164
578,2347167796,04-11-2016,10001,6.610000134,0.330000013,2.930000067,3.359999895,5,52,196,74,2009
579,2347167796,04-12-2016,0,0.0,0.0,0.0,0.0,0,0,0,92,399
580,2873212765,04-01-2016,890,0.600000024,0.0,0.0,0.600000024,0,0,41,70,1335
581,2873212765,04-02-2016,2214,1.49000001,0.0,0.0,1.49000001,0,0,197,73,1559
582,2873212765,04-03-2016,7640,5.1300001139999996,0.189999998,0.800000012,4.150000095,3,15,315,86,1845
583,2873212765,04-04-2016,9713,6.53000021,0.34000000399999997,0.889999986,5.289999962,6,24,355,71,2046
584,2873212765,04-05-2016,8432,5.670000076,0.0,0.0,5.650000095,0,0,374,82,1953
585,2873212765,04-06-2016,7350,4.940000057,0.0,0.0,4.940000057,0,0,382,78,1910
586,2873212765,04-07-2016,9353,6.309999942999999,0.370000005,0.689999998,5.239999771,5,17,363,77,2035
587,2873212765,04-08-2016,7157,4.809999943,0.0,0.0,4.809999943,0,0,380,85,1944
588,2873212765,04-09-2016,14103,9.56000042,3.0199999810000002,0.40999999600000003,6.139999866,46,8,288,80,2257
589,2873212765,04-10-2016,5290,3.549999952,0.039999999,0.34000000399999997,3.1700000760000004,1,8,251,86,1724
590,2873212765,04-11-2016,7497,5.039999962,0.0,0.0,5.039999962,0,0,357,98,1741
591,2873212765,04-12-2016,0,0.0,0.0,0.0,0.0,0,0,0,89,0
592,2891001357,3/29/2016,0,0.0,0.0,0.0,0.0,0,0,0,84,1920
593,2891001357,3/30/2016,0,0.0,0.0,0.0,0.0,0,0,0,87,1920
594,2891001357,3/31/2016,0,0.0,0.0,0.0,0.0,0,0,0,95,1920
595,2891001357,04-01-2016,0,0.0,0.0,0.0,0.0,0,660,0,96,4562
596,2891001357,04-02-2016,4126,3.220000029,0.0,0.0,3.220000029,0,0,720,76,2881
597,2891001357,04-03-2016,0,0.0,0.0,0.0,0.0,0,0,0,93,1920
598,2891001357,04-04-2016,0,0.0,0.0,0.0,0.0,0,0,0,98,1920
599,2891001357,04-05-2016,2063,1.6100000140000001,0.0,0.0,1.6100000140000001,0,0,630,94,1144
600,3372868164,04-01-2016,5785,3.950000048,0.0,0.0,3.910000086,0,0,311,85,1852
601,3372868164,04-02-2016,7625,5.230000018999999,1.679999948,0.039999999,3.5,24,1,341,75,2069
602,3372868164,04-03-2016,4706,3.210000038,0.0,0.0,3.210000038,0,0,299,92,1816
603,3372868164,04-04-2016,5861,4.019999981000001,1.299999952,0.21999999899999997,2.49000001,20,7,233,91,1878
604,3372868164,04-05-2016,4460,3.039999962,0.0,0.0,3.0199999810000002,0,0,248,96,1787
605,3372868164,04-06-2016,6406,4.389999866,0.779999971,0.09000000400000001,3.5199999810000002,17,4,325,97,2010
606,3372868164,04-07-2016,7392,5.099999905,0.870000005,0.159999996,4.0500001910000005,14,9,332,73,2038
607,3372868164,04-08-2016,5551,3.789999962,0.0,0.0,3.7699999810000002,0,0,282,79,1815
608,3372868164,04-09-2016,8827,6.25,1.769999981,0.47999998899999996,4.0,21,10,346,73,2062
609,3372868164,04-10-2016,4662,3.180000067,1.039999962,0.150000006,1.99000001,22,4,152,91,1276
610,3977333714,04-01-2016,4499,3.00999999,0.0,0.0,3.00999999,0,0,168,73,1288
611,3977333714,04-02-2016,7618,5.099999905,0.0,0.180000007,4.909999847,0,6,302,96,1490
612,3977333714,04-03-2016,11508,7.6999998089999995,2.170000076,0.839999974,4.690000057,29,22,282,98,1630
613,3977333714,04-04-2016,11943,7.989999771,1.0299999709999998,2.00999999,4.9499998089999995,16,43,297,74,1648
614,3977333714,04-05-2016,12303,8.229999542,1.7100000380000002,1.350000024,5.170000076,26,32,291,96,1649
615,3977333714,04-06-2016,15425,10.31999969,1.620000005,1.820000052,6.8699998860000004,24,45,331,87,1783
616,3977333714,04-07-2016,8422,5.6300001139999996,0.0,3.599999905,2.039999962,0,81,139,97,1431
617,3977333714,04-08-2016,10226,6.840000152999999,0.0,4.440000057,2.400000095,0,101,174,74,1524
618,3977333714,04-09-2016,14583,9.760000229,2.480000019,1.74000001,5.53000021,35,36,254,74,1697
619,3977333714,04-10-2016,3573,2.390000105,0.939999998,0.40999999600000003,0.970000029,15,8,99,86,1232
620,3977333714,04-11-2016,3108,2.140000105,0.07,0.039999999,1.9600000380000002,1,1,129,73,1223
621,3977333714,04-12-2016,759,0.5699999929999999,0.0,0.0,0.5699999929999999,0,0,17,87,182
622,4020332650,03-12-2016,5543,3.970000029,0.0,0.0,3.960000038,0,0,254,96,2990
623,4020332650,3/13/2016,3226,2.3099999430000002,0.0,0.0,2.279999971,0,0,136,75,2480
624,4020332650,3/14/2016,3023,2.170000076,0.0,0.0,2.140000105,0,0,145,71,2570
625,4020332650,3/15/2016,5906,4.230000018999999,0.0,0.159999996,4.039999962,0,10,215,88,3016
626,4020332650,3/16/2016,12483,8.989999771,1.4500000480000002,0.5699999929999999,6.900000095,25,14,309,79,3830
627,4020332650,3/17/2016,8940,6.409999847000001,0.0,0.0,0.610000014,0,0,47,89,3706
628,4020332650,3/18/2016,368,0.25999999,0.0,0.0,0.0,0,0,0,91,2024
629,4020332650,3/19/2016,5702,4.090000153,0.0,0.0,0.0,0,0,0,94,2980
630,4020332650,3/20/2016,10330,7.409999847000001,0.0,0.0,0.0,0,0,0,90,3728
631,4020332650,3/21/2016,8778,6.2899999620000004,0.0,0.0,0.0,0,0,0,98,3348
632,4020332650,3/22/2016,6662,4.78000021,0.0,0.0,0.0,0,0,0,88,3162
633,4020332650,3/23/2016,6309,4.519999981000001,0.0,0.0,0.0,0,0,0,92,3140
634,4020332650,3/24/2016,1951,1.4099999669999999,0.0,0.0,0.0,0,0,0,90,1980
635,4020332650,3/25/2016,5563,3.99000001,0.0,0.0,0.0,0,0,0,88,3681
636,4020332650,3/26/2016,4370,3.1300001139999996,0.0,0.0,0.0,0,0,0,79,3444
637,4020332650,3/27/2016,7144,5.1199998860000004,0.0,0.0,0.0,0,0,0,89,3510
638,4020332650,3/28/2016,2106,1.50999999,0.02,0.050000000999999995,0.209999993,31,45,75,98,4010
639,4020332650,3/29/2016,4152,2.9800000189999998,0.0,0.0,2.960000038,0,0,187,91,2976
640,4020332650,3/30/2016,5400,3.8699998860000004,0.0,0.0,3.849999905,0,0,258,97,3418
641,4020332650,3/31/2016,7428,5.329999924,0.870000005,0.920000017,3.50999999,18,33,261,98,3439
642,4020332650,04-01-2016,5351,3.839999914,0.620000005,0.180000007,3.00999999,15,17,210,92,3338
643,4020332650,04-02-2016,4299,3.099999905,0.09000000400000001,0.209999993,2.74000001,3,15,162,96,2892
644,4020332650,04-03-2016,6107,4.3800001139999996,0.0,0.0,4.360000134,0,0,265,86,3313
645,4020332650,04-04-2016,6429,4.599999905,0.0,0.949999988,3.650000095,0,28,193,88,3118
646,4020332650,04-05-2016,6880,4.929999828,0.5,0.75999999,3.650000095,7,19,165,99,2966
647,4020332650,04-06-2016,7476,5.360000134,0.0,0.0,5.309999943,0,0,263,85,3253
648,4020332650,04-07-2016,6581,4.71999979,0.0,0.289999992,4.389999866,0,8,241,72,3032
649,4020332650,04-08-2016,10480,7.510000229,0.40999999600000003,1.4700000290000002,5.010000229,6,37,272,88,4034
650,4020332650,04-09-2016,7734,5.5500001910000005,1.159999967,0.49000001,3.819999933,20,12,223,97,3264
651,4020332650,04-10-2016,5129,3.680000067,0.180000007,0.239999995,3.210000038,5,7,176,75,2817
652,4020332650,04-11-2016,2993,2.150000095,0.0,0.0,2.089999914,0,0,114,99,2507
653,4020332650,04-12-2016,8,0.01,0.0,0.0,0.01,0,0,1,94,446
654,4057192912,03-12-2016,0,0.0,0.0,0.0,0.0,0,0,0,82,1777
655,4057192912,3/13/2016,0,0.0,0.0,0.0,0.0,0,0,0,82,1777
656,4057192912,3/14/2016,8433,6.230000018999999,2.450000048,0.330000013,3.4400000569999998,30,7,135,77,2453
657,4057192912,3/15/2016,0,0.0,0.0,0.0,0.0,0,0,0,90,1776
658,4057192912,3/16/2016,2139,1.5599999430000002,0.0,1.299999952,0.25999999,0,28,15,90,1935
659,4057192912,3/17/2016,0,0.0,0.0,0.0,0.0,0,0,0,73,1776
660,4057192912,3/18/2016,949,0.689999998,0.0,0.0,0.689999998,0,0,34,91,1870
661,4057192912,3/19/2016,0,0.0,0.0,0.0,0.0,0,0,0,99,1777
662,4057192912,3/20/2016,44,0.029999999,0.0,0.0,0.029999999,0,0,2,70,1782
663,4057192912,3/21/2016,2660,1.9400000569999998,0.0,0.0,1.9400000569999998,0,0,46,92,1978
664,4057192912,3/22/2016,5561,4.190000057,0.0,0.0,4.070000172,0,0,169,98,2296
665,4057192912,3/23/2016,7239,5.340000153,0.550000012,0.360000014,4.3800001139999996,7,7,190,97,2484
666,4057192912,3/24/2016,7,0.01,0.0,0.0,0.01,0,0,1,88,1787
667,4057192912,3/25/2016,0,0.0,0.0,0.0,0.0,0,0,0,99,1776
668,4057192912,3/26/2016,0,0.0,0.0,0.0,0.0,0,0,0,93,1776
669,4057192912,3/27/2016,2275,1.679999948,0.0,0.0,1.6599999669999999,0,0,86,96,2005
670,4057192912,3/28/2016,8,0.01,0.0,0.0,0.01,0,0,1,79,1778
671,4057192912,3/29/2016,5137,3.75999999,0.0,0.0,3.75999999,0,0,160,88,2293
672,4057192912,3/30/2016,5419,4.0,0.0,0.0,3.910000086,0,0,145,81,2259
673,4057192912,3/31/2016,0,0.0,0.0,0.0,0.0,0,0,0,77,1776
674,4057192912,04-01-2016,0,0.0,0.0,0.0,0.0,0,0,0,91,1776
675,4057192912,04-02-2016,0,0.0,0.0,0.0,0.0,0,0,0,92,1776
676,4057192912,04-03-2016,0,0.0,0.0,0.0,0.0,0,0,0,91,1776
677,4057192912,04-04-2016,0,0.0,0.0,0.0,0.0,0,0,0,74,1776
678,4057192912,04-05-2016,0,0.0,0.0,0.0,0.0,0,0,0,72,1776
679,4057192912,04-06-2016,18,0.01,0.0,0.0,0.01,0,0,2,79,1780
680,4057192912,04-07-2016,4,0.0,0.0,0.0,0.0,0,0,1,86,1778
681,4057192912,04-08-2016,8426,6.159999847000001,0.129999995,5.489999771,0.540000021,2,120,25,76,2360
682,4057192912,04-09-2016,1650,1.210000038,0.0,0.0,1.210000038,0,0,60,92,1952
683,4057192912,04-10-2016,3434,2.50999999,0.07,0.300000012,2.140000105,1,7,108,91,2101
684,4057192912,04-11-2016,6801,4.980000018999999,0.0,0.0,4.96999979,0,0,193,77,2393
685,4057192912,04-12-2016,187,0.14000000099999999,0.0,0.0,0.14000000099999999,0,0,11,85,538
686,4319703577,3/29/2016,5643,3.789999962,0.23000000399999998,0.330000013,3.2300000189999998,3,8,199,73,1958
687,4319703577,3/30/2016,9043,6.070000172,0.25,0.430000007,5.3699998860000004,4,12,244,72,2141
688,4319703577,3/31/2016,8144,5.4600000379999996,0.25,0.610000014,4.610000134,4,17,247,89,2129
689,4319703577,04-01-2016,9343,6.269999981000001,0.9599999790000001,0.8500000240000001,4.460000038,14,20,268,95,2216
690,4319703577,04-02-2016,8405,5.659999847000001,1.129999995,0.189999998,4.340000153,15,4,257,78,2154
691,4319703577,04-03-2016,8223,5.519999981000001,0.800000012,1.50999999,3.210000038,12,37,257,83,2178
692,4319703577,04-04-2016,10067,6.760000229,0.360000014,1.419999957,4.96999979,5,39,313,95,2308
693,4319703577,04-05-2016,8359,5.6300001139999996,0.23000000399999998,0.5299999710000001,4.8699998860000004,3,14,311,90,2201
694,4319703577,04-06-2016,10946,7.349999905,0.540000021,2.089999914,4.71999979,8,51,308,70,2341
695,4319703577,04-07-2016,9130,6.150000095,0.5,0.379999995,5.269999981000001,7,11,304,86,2236
696,4319703577,04-08-2016,6544,4.409999847,0.289999992,0.25999999,3.859999895,4,6,276,93,2069
697,4319703577,04-09-2016,0,0.0,0.0,0.0,0.0,0,0,0,97,0
698,4388161847,3/29/2016,0,0.0,0.0,0.0,0.0,0,0,0,86,1878
699,4388161847,3/30/2016,0,0.0,0.0,0.0,0.0,0,0,0,80,1878
700,4388161847,3/31/2016,0,0.0,0.0,0.0,0.0,0,0,0,85,1878
701,4388161847,04-01-2016,0,0.0,0.0,0.0,0.0,0,0,0,71,1878
702,4388161847,04-02-2016,0,0.0,0.0,0.0,0.0,0,0,0,72,1878
703,4388161847,04-03-2016,0,0.0,0.0,0.0,0.0,0,0,0,92,1878
704,4388161847,04-04-2016,0,0.0,0.0,0.0,0.0,0,0,0,75,1878
705,4388161847,04-05-2016,0,0.0,0.0,0.0,0.0,0,0,0,77,1296
706,4445114986,3/29/2016,2303,1.5499999519999998,0.0,0.0,1.5499999519999998,0,0,155,78,2010
707,4445114986,3/30/2016,2600,1.74000001,0.0,0.0,1.74000001,0,0,163,81,2032
708,4445114986,3/31/2016,4804,3.220000029,0.0,0.0,3.220000029,0,0,238,73,2227
709,4445114986,04-01-2016,3271,2.1900000569999998,0.0,0.0,2.1900000569999998,0,0,205,84,2133
710,4445114986,04-02-2016,5406,3.6300001139999996,0.0,0.0,3.609999895,0,0,273,86,2317
711,4445114986,04-03-2016,3146,2.109999895,0.0,0.0,2.109999895,0,0,171,77,2058
712,4445114986,04-04-2016,2422,1.629999995,0.0,0.0,1.629999995,0,0,110,98,1935
713,4445114986,04-05-2016,4239,2.839999914,0.059999999000000005,0.239999995,2.529999971,1,6,235,85,2217
714,4445114986,04-06-2016,6911,4.78000021,2.319999933,0.10000000099999999,2.359999895,28,2,215,96,2374
715,4445114986,04-07-2016,6667,4.610000134,2.019999981,0.050000000999999995,2.549999952,24,1,208,90,2335
716,4445114986,04-08-2016,5543,3.720000029,0.0,0.0,3.720000029,0,0,266,86,2303
717,4445114986,04-09-2016,4195,2.8099999430000002,0.0,0.0,2.8099999430000002,0,0,239,72,2210
718,4445114986,04-10-2016,6625,4.4499998089999995,0.0,0.0,4.4499998089999995,0,0,316,98,2424
719,4445114986,04-11-2016,5986,4.1300001139999996,1.9500000480000002,0.23000000399999998,1.9500000480000002,23,5,195,78,2297
720,4445114986,04-12-2016,278,0.189999998,0.0,0.0,0.189999998,0,0,20,81,745
721,4558609924,04-01-2016,5336,3.529999971,0.0,0.0,3.529999971,0,0,258,94,1902
722,4558609924,04-02-2016,3183,2.099999905,0.0,0.0,2.099999905,0,0,173,83,1680
723,4558609924,04-03-2016,6176,4.079999924,0.07,0.25999999,3.75,1,7,269,75,1901
724,4558609924,04-04-2016,8205,5.420000076,0.0,0.0,5.420000076,0,0,367,96,2078
725,4558609924,04-05-2016,6799,4.489999771,1.5900000330000001,0.860000014,2.039999962,24,14,185,92,1876
726,4558609924,04-06-2016,5668,3.75,0.0,0.0,3.75,0,0,259,93,1853
727,4558609924,04-07-2016,7998,5.289999962,0.50999999,0.25,4.53000021,27,12,296,78,2235
728,4558609924,04-08-2016,4195,2.7699999810000002,0.0,0.0,2.7699999810000002,0,0,241,95,1778
729,4558609924,04-09-2016,5512,3.640000105,0.0,0.0,3.640000105,0,0,276,70,1882
730,4558609924,04-10-2016,6263,4.139999866,0.0,0.0,4.1300001139999996,0,0,290,76,1906
731,4558609924,04-11-2016,8828,5.840000152999999,0.0,0.0,5.840000152999999,0,0,308,73,2149
732,4558609924,04-12-2016,1260,0.829999983,0.0,0.0,0.8199999929999999,0,0,76,93,722
733,4702921684,3/29/2016,6506,5.28000021,0.330000013,0.27000001100000004,4.670000076,4,5,241,91,2886
734,4702921684,3/30/2016,7583,6.150000095,0.25,0.550000012,5.349999905,3,13,227,97,2915
735,4702921684,3/31/2016,6963,5.650000095,0.0,0.0,5.650000095,0,0,256,95,2895
736,4702921684,04-01-2016,7165,5.809999942999999,0.0,0.370000005,5.440000057000001,0,9,248,76,2923
737,4702921684,04-02-2016,10328,8.380000114,0.0,1.4600000380000002,6.920000076,0,32,367,86,3323
738,4702921684,04-03-2016,12116,9.829999924,0.25,2.849999905,6.71999979,3,57,323,87,3357
739,4702921684,04-04-2016,7810,6.360000134,0.47999998899999996,1.200000048,4.679999828,6,27,216,97,2931
740,4702921684,04-05-2016,6670,5.409999847000001,1.24000001,0.800000012,3.3699998860000004,15,16,199,88,2848
741,4702921684,04-06-2016,7605,6.179999828,0.330000013,0.209999993,5.6300001139999996,4,4,248,92,2943
742,4702921684,04-07-2016,6585,5.340000153,0.0,0.0,5.340000153,0,0,210,96,2822
743,4702921684,04-08-2016,8184,6.639999866,0.0,0.620000005,5.9499998089999995,0,15,247,70,2981
744,4702921684,04-09-2016,14002,11.35999966,0.610000014,2.680000067,8.06000042,8,56,381,80,3597
745,4702921684,04-10-2016,11135,9.029999733,0.079999998,1.159999967,7.7899999620000004,1,25,331,82,3224
746,4702921684,04-11-2016,6499,5.269999981000001,0.0,0.0,5.269999981000001,0,0,207,81,2677
747,4702921684,04-12-2016,0,0.0,0.0,0.0,0.0,0,0,0,82,0
748,5553957443,04-01-2016,12409,8.100000381000001,2.900000095,0.629999995,4.579999924,51,12,235,84,2142
749,5553957443,04-02-2016,2937,1.919999957,0.0,0.0,1.9099999669999999,0,0,181,70,1615
750,5553957443,04-03-2016,1515,0.99000001,0.0,0.0,0.99000001,0,0,93,81,1481
751,5553957443,04-04-2016,8921,5.8800001139999996,2.069999933,0.43999999799999995,3.359999895,27,8,198,98,1892
752,5553957443,04-05-2016,11306,7.3800001139999996,2.3099999430000002,0.9800000190000001,4.090000153,40,26,218,81,2086
753,5553957443,04-06-2016,12252,8.0,2.410000086,1.7000000480000002,3.890000105,33,28,229,72,2044
754,5553957443,04-07-2016,15444,10.07999992,3.2699999810000002,1.730000019,5.079999924,51,39,243,70,2249
755,5553957443,04-08-2016,9938,6.489999771,2.140000105,1.2799999709999998,3.0799999239999996,38,24,193,73,2019
756,5553957443,04-09-2016,4599,3.0,0.0,0.0,3.0,0,0,176,92,1692
757,5553957443,04-10-2016,5594,3.650000095,0.280000001,1.480000019,1.8899999859999999,4,25,150,90,1712
758,5553957443,04-11-2016,11906,7.769999981000001,2.25999999,1.519999981,3.99000001,32,27,234,76,2065
759,5553957443,04-12-2016,3436,2.24000001,0.5,0.670000017,1.049999952,7,11,50,91,633
760,5577150313,04-01-2016,10461,7.8699998860000004,4.760000229,0.8500000240000001,2.25,99,31,142,95,3625
761,5577150313,04-02-2016,14873,11.10999966,8.18999958,0.600000024,2.3099999430000002,202,36,153,93,4430
762,5577150313,04-03-2016,9917,7.409999847000001,1.99000001,0.970000029,4.440000057,58,27,240,93,3427
763,5577150313,04-04-2016,7401,5.559999942999999,2.319999933,0.360000014,2.8800001139999996,70,19,204,90,3492
764,5577150313,04-05-2016,8964,6.6999998089999995,3.970000029,0.189999998,2.529999971,107,18,145,87,3597
765,5577150313,04-06-2016,11080,8.300000191,3.1300001139999996,1.370000005,3.8099999430000002,83,52,190,95,3765
766,5577150313,04-07-2016,4499,3.359999895,0.889999986,0.25999999,2.210000038,31,11,146,93,2775
767,5577150313,04-08-2016,4363,3.25999999,0.129999995,0.059999999000000005,3.0799999239999996,8,2,156,83,2486
768,5577150313,04-09-2016,10494,7.840000152999999,4.909999847,0.779999971,2.150000095,123,62,138,89,3817
769,5577150313,04-10-2016,9776,7.3800001139999996,2.930000067,1.429999948,3.0199999810000002,80,35,162,93,3378
770,5577150313,04-11-2016,2862,2.140000105,1.039999962,0.25,0.839999974,39,17,54,71,1511
771,6117666160,04-01-2016,7444,5.6199998860000004,0.0,0.0,5.6199998860000004,0,0,286,76,2210
772,6117666160,04-02-2016,19658,14.84000015,0.239999995,2.089999914,12.51000023,3,30,475,84,2884
773,6117666160,04-03-2016,0,0.0,0.0,0.0,0.0,0,0,0,72,1496
774,6117666160,04-04-2016,8468,6.389999866,0.180000007,0.639999986,5.570000172,2,11,279,78,2262
775,6117666160,04-05-2016,9910,7.480000018999999,0.0,0.0,7.480000018999999,0,0,384,88,2445
776,6117666160,04-06-2016,12409,9.369999886,0.0,0.0,9.369999886,0,0,491,79,2694
777,6117666160,04-07-2016,4853,3.660000086,0.0,0.0,3.660000086,0,0,156,90,1903
778,6117666160,04-08-2016,8955,6.760000229,0.0,0.0,6.730000018999999,0,0,422,72,2482
779,6117666160,04-09-2016,10789,8.149999618999999,0.0,0.0,8.149999618999999,0,0,506,80,2617
780,6117666160,04-10-2016,0,0.0,0.0,0.0,0.0,0,0,0,92,0
781,6290855005,04-01-2016,6633,5.010000229,0.0,0.0,5.010000229,0,0,280,97,2778
782,6290855005,04-02-2016,9548,7.21999979,2.019999981,3.680000067,1.519999981,25,107,113,86,3119
783,6290855005,04-03-2016,0,0.0,0.0,0.0,0.0,33,0,0,88,2664
784,6290855005,04-04-2016,0,0.0,0.0,0.0,0.0,0,0,0,70,2060
785,6290855005,04-05-2016,0,0.0,0.0,0.0,0.0,0,0,0,82,2060
786,6290855005,04-06-2016,0,0.0,0.0,0.0,0.0,0,0,0,90,2060
787,6290855005,04-07-2016,0,0.0,0.0,0.0,0.0,0,0,0,77,2060
788,6290855005,04-08-2016,0,0.0,0.0,0.0,0.0,0,0,0,74,2060
789,6290855005,04-09-2016,0,0.0,0.0,0.0,0.0,0,0,0,87,2060
790,6290855005,04-10-2016,0,0.0,0.0,0.0,0.0,20,0,0,92,735
791,6391747486,04-01-2016,0,0.0,0.0,0.0,0.0,0,0,0,81,1820
792,6391747486,04-02-2016,2101,2.029999971,2.029999971,0.0,0.0,46,0,0,92,2224
793,6391747486,04-03-2016,0,0.0,0.0,0.0,0.0,0,0,0,99,1820
794,6391747486,04-04-2016,0,0.0,0.0,0.0,0.0,0,0,0,81,1820
795,6391747486,04-05-2016,9766,7.510000229,0.0,0.050000000999999995,7.4600000379999996,0,6,301,80,2442
796,6391747486,04-06-2016,165,0.129999995,0.0,0.0,0.129999995,0,0,8,75,1849
797,6391747486,04-07-2016,0,0.0,0.0,0.0,0.0,0,0,0,94,1822
798,6391747486,04-08-2016,0,0.0,0.0,0.0,0.0,0,0,0,72,1820
799,6391747486,04-09-2016,0,0.0,0.0,0.0,0.0,0,0,0,71,251
800,6775888955,04-01-2016,7225,5.179999828,1.730000019,1.269999981,2.180000067,25,50,163,82,3065
801,6775888955,04-02-2016,1988,1.429999948,0.0,0.0,1.429999948,0,0,79,94,2207
802,6775888955,04-03-2016,1577,1.129999995,0.07,0.889999986,0.17000000199999998,1,17,8,96,1977
803,6775888955,04-04-2016,0,0.0,0.0,0.0,0.0,0,0,0,94,1841
804,6775888955,04-05-2016,9348,6.6999998089999995,1.129999995,2.039999962,3.140000105,56,133,240,80,4286
805,6775888955,04-06-2016,11761,8.430000305,1.309999943,2.4400000569999998,4.679999828,24,99,300,72,3920
806,6775888955,04-07-2016,13987,10.02999973,2.8699998860000004,3.339999914,3.819999933,46,114,250,84,3856
807,6775888955,04-08-2016,4131,2.960000038,1.370000005,0.610000014,0.9800000190000001,27,30,75,78,2584
808,6775888955,04-09-2016,14,0.01,0.0,0.0,0.01,0,0,1,70,787
809,6962181067,3/30/2016,15491,10.23999977,1.289999962,4.489999771,4.460000038,18,77,272,89,2244
810,6962181067,3/31/2016,14097,9.319999695,3.5,1.919999957,3.900000095,50,32,234,88,2188
811,6962181067,04-01-2016,10467,6.980000018999999,0.699999988,2.430000067,3.849999905,9,45,252,78,2014
812,6962181067,04-02-2016,12437,8.300000191,3.75999999,1.289999962,3.24000001,50,24,219,79,2115
813,6962181067,04-03-2016,12307,8.140000342999999,1.00999999,3.25999999,3.8699998860000004,14,51,218,89,2055
814,6962181067,04-04-2016,18952,12.80000019,5.909999847000001,1.230000019,5.659999847000001,73,20,327,75,2437
815,6962181067,04-05-2016,12010,7.940000057000001,2.380000114,0.949999988,4.610000134,38,17,287,97,2158
816,6962181067,04-06-2016,12480,8.859999657000001,4.179999828,0.689999998,4.0,55,14,276,84,2170
817,6962181067,04-07-2016,13417,9.649999618999999,3.390000105,1.25,4.909999847,45,16,284,78,2244
818,6962181067,04-08-2016,14400,10.88000011,2.470000029,2.8800001139999996,5.53000021,27,37,276,76,2188
819,6962181067,04-09-2016,12495,8.260000229,2.210000038,1.090000033,4.960000038,33,19,324,72,2231
820,6962181067,04-10-2016,10148,6.7100000379999996,1.3600000140000001,0.21999999899999997,5.1300001139999996,19,7,306,70,2100
821,6962181067,04-11-2016,12362,9.090000153,1.090000033,2.7300000189999998,5.269999981000001,21,38,297,75,2188
822,6962181067,04-12-2016,5893,3.900000095,2.8800001139999996,0.560000002,0.46000000799999996,43,9,48,85,917
823,7007744171,04-01-2016,11680,9.06000042,4.489999771,0.330000013,4.239999771,50,7,244,76,2573
824,7007744171,04-02-2016,10976,7.340000152999999,0.550000012,0.670000017,6.1300001139999996,9,16,271,74,2575
825,7007744171,04-03-2016,16806,11.23999977,6.409999847000001,1.370000005,3.470000029,104,31,230,71,3086
826,7007744171,04-04-2016,15266,11.39999962,5.8000001910000005,0.75999999,4.789999962,70,21,292,90,2886
827,7007744171,04-05-2016,12084,9.140000342999999,4.389999866,0.46000000799999996,4.289999962,50,6,284,73,2676
828,7007744171,04-06-2016,13513,10.25,5.349999905,0.330000013,4.559999943,64,8,270,97,2811
829,7007744171,04-07-2016,14100,10.57999992,5.099999905,1.190000057,4.28000021,61,33,265,70,2840
830,7007744171,04-08-2016,12627,9.649999618999999,4.6999998089999995,0.74000001,4.210000038,54,22,301,90,2871
831,7007744171,04-09-2016,10345,6.920000076,0.07,0.27000001100000004,6.579999924,2,6,358,90,2613
832,7007744171,04-10-2016,10146,6.7899999620000004,0.07,0.610000014,6.110000134,1,12,397,90,2700
833,7007744171,04-11-2016,12168,8.140000342999999,1.049999952,0.7900000209999999,6.2899999620000004,18,27,375,99,2871
834,7007744171,04-12-2016,7413,5.769999981000001,4.5,0.34000000399999997,0.939999998,53,6,43,95,1023
835,7086361926,04-01-2016,11463,7.670000076,2.8299999239999996,1.8899999859999999,2.930000067,38,30,154,80,2496
836,7086361926,04-02-2016,87,0.02,0.0,0.0,0.01,0,0,2,72,1641
837,7086361926,04-03-2016,1949,1.309999943,0.23000000399999998,0.349999994,0.7300000190000001,3,6,27,87,1794
838,7086361926,04-04-2016,6101,3.8699998860000004,0.5299999710000001,0.23000000399999998,3.099999905,31,24,138,83,2421
839,7086361926,04-05-2016,7478,4.989999771,1.7999999519999998,0.5299999710000001,2.609999895,25,33,132,89,2439
840,7086361926,04-06-2016,7352,4.730000018999999,1.4099999669999999,0.779999971,2.529999971,19,14,124,87,2233
841,7086361926,04-07-2016,14604,10.81999969,7.230000018999999,1.120000005,2.430000067,76,30,127,94,2862
842,7086361926,04-08-2016,9634,6.519999981000001,2.5,1.399999976,2.589999914,50,48,140,91,2752
843,7086361926,04-09-2016,7338,4.670000076,1.080000043,0.129999995,3.460000038,27,5,204,92,2519
844,7086361926,04-10-2016,569,0.349999994,0.0,0.0,0.34000000399999997,0,0,27,90,1799
845,7086361926,04-11-2016,6242,3.9200000760000004,0.74000001,0.23000000399999998,2.930000067,46,22,126,85,2543
846,7086361926,04-12-2016,430,0.25999999,0.0,0.0,0.25999999,0,0,14,86,625
847,8053475328,04-02-2016,20188,15.61999989,12.06000042,0.8500000240000001,2.710000038,124,19,172,89,3377
848,8053475328,04-03-2016,25701,20.13999939,16.81999969,1.629999995,1.6900000569999998,165,36,97,97,3697
849,8053475328,04-04-2016,17395,13.21000004,9.670000076,0.180000007,3.349999905,100,4,213,73,3209
850,8053475328,04-05-2016,17167,13.40999985,9.960000037999999,0.310000002,3.140000105,98,8,184,85,3167
851,8053475328,04-06-2016,16435,12.42000008,8.960000037999999,0.550000012,2.910000086,100,14,191,96,3122
852,8053475328,04-07-2016,17078,13.19999981,9.970000267,0.239999995,2.99000001,101,6,190,98,3176
853,8053475328,04-08-2016,11693,9.539999962000001,6.769999981000001,0.25999999,2.5,60,6,153,88,2790
854,8053475328,04-09-2016,11159,9.140000342999999,6.690000057000001,0.25,2.1900000569999998,59,6,120,80,2715
855,8053475328,04-10-2016,10118,7.730000018999999,3.049999952,0.800000012,3.8800001139999996,30,18,207,95,2684
856,8053475328,04-11-2016,16064,12.72000027,9.979999542,0.360000014,2.380000114,96,8,155,99,3097
857,8053475328,04-12-2016,290,0.209999993,0.0,0.0,0.209999993,0,0,16,85,791
858,8253242879,04-01-2016,0,0.0,0.0,0.0,0.0,0,0,0,89,1429
859,8253242879,04-02-2016,0,0.0,0.0,0.0,0.0,0,0,0,79,1429
860,8253242879,04-03-2016,0,0.0,0.0,0.0,0.0,0,0,0,95,1429
861,8253242879,04-04-2016,0,0.0,0.0,0.0,0.0,0,0,0,83,1429
862,8253242879,04-05-2016,0,0.0,0.0,0.0,0.0,0,0,0,99,1429
863,8253242879,04-06-2016,1931,1.2799999709999998,0.0,0.0,1.2799999709999998,0,0,94,75,1607
864,8253242879,04-07-2016,5181,3.4200000760000004,1.0,0.910000026,1.50999999,15,15,107,74,1776
865,8253242879,04-08-2016,12026,9.149999618999999,5.6999998089999995,0.9300000070000001,2.50999999,47,13,150,86,2162
866,8253242879,04-09-2016,5360,3.539999962,0.540000021,1.5499999519999998,1.4600000380000002,8,28,148,72,1832
867,8253242879,04-10-2016,2545,1.679999948,0.0,0.0,1.669999957,0,0,126,93,1657
868,8253242879,04-11-2016,1636,1.080000043,0.0,0.0,1.080000043,0,0,86,88,1377
869,8253242879,04-12-2016,0,0.0,0.0,0.0,0.0,0,0,0,90,0
870,8378563200,04-01-2016,14179,11.23999977,6.230000018999999,1.059999943,3.960000038,73,21,195,86,3669
871,8378563200,04-02-2016,3358,2.660000086,0.0,0.0,2.660000086,0,0,144,94,2702
872,8378563200,04-03-2016,9152,7.260000229,1.99000001,0.8199999929999999,4.4499998089999995,25,13,243,95,3304
873,8378563200,04-04-2016,13935,11.05000019,4.090000153,0.7900000209999999,6.170000076,105,16,220,73,4234
874,8378563200,04-05-2016,12846,10.18999958,5.0,0.75,4.440000057,113,15,189,90,4128
